docs/admin/implementation/BATCH_11_ISSUE_607_HANDOFF.md
docs/admin/implementation/batch11-issue-607-evidence/LESSONS.md
docs/admin/implementation/batch11-issue-607-evidence/README.md
docs/admin/implementation/batch11-issue-607-evidence/archive-generators/boundary-tests/county-pagination.spec.ts
docs/admin/implementation/batch11-issue-607-evidence/archive-generators/boundary-tests/utils/selectors.ts
docs/admin/implementation/batch11-issue-607-evidence/archive-generators/boundary.config.ts
docs/admin/implementation/batch11-issue-607-evidence/archive-generators/collect-county-initial-dedupe.py
docs/admin/implementation/batch11-issue-607-evidence/archive-generators/controls-tests/county-query-contract.spec.ts
docs/admin/implementation/batch11-issue-607-evidence/archive-generators/controls-tests/utils/selectors.ts
docs/admin/implementation/batch11-issue-607-evidence/archive-generators/controls.config.ts
docs/admin/implementation/batch11-issue-607-evidence/archive-generators/create_gated_probe.py
docs/admin/implementation/batch11-issue-607-evidence/archive-generators/create_pending_original.py
docs/admin/implementation/batch11-issue-607-evidence/archive-generators/create_probe.py
docs/admin/implementation/batch11-issue-607-evidence/archive-generators/create_probe_v2.py
docs/admin/implementation/batch11-issue-607-evidence/archive-generators/final-postcommit-binder.py
docs/admin/implementation/batch11-issue-607-evidence/archive-generators/gated-tests/smart-back.spec.ts
docs/admin/implementation/batch11-issue-607-evidence/archive-generators/gated-tests/utils/selectors.ts
docs/admin/implementation/batch11-issue-607-evidence/archive-generators/gated-v2.config.ts
docs/admin/implementation/batch11-issue-607-evidence/archive-generators/gated.config.ts
docs/admin/implementation/batch11-issue-607-evidence/archive-generators/inventory-current.mjs
docs/admin/implementation/batch11-issue-607-evidence/archive-generators/inventory.mjs
docs/admin/implementation/batch11-issue-607-evidence/archive-generators/make-packet.py
docs/admin/implementation/batch11-issue-607-evidence/archive-generators/make-packet_v2.py
docs/admin/implementation/batch11-issue-607-evidence/archive-generators/make-packet_v3.py
docs/admin/implementation/batch11-issue-607-evidence/archive-generators/pending-original-tests/smart-back.spec.ts
docs/admin/implementation/batch11-issue-607-evidence/archive-generators/pending-original-tests/utils/selectors.ts
docs/admin/implementation/batch11-issue-607-evidence/archive-generators/pending-original.config.ts
docs/admin/implementation/batch11-issue-607-evidence/archive-generators/probe-hooks.ts
docs/admin/implementation/batch11-issue-607-evidence/archive-generators/probe-init-v2.js
docs/admin/implementation/batch11-issue-607-evidence/archive-generators/probe-init.js
docs/admin/implementation/batch11-issue-607-evidence/archive-generators/probe-tests-v2/smart-back.spec.ts
docs/admin/implementation/batch11-issue-607-evidence/archive-generators/probe-tests-v2/utils/selectors.ts
docs/admin/implementation/batch11-issue-607-evidence/archive-generators/probe-tests/smart-back.spec.ts
docs/admin/implementation/batch11-issue-607-evidence/archive-generators/probe-tests/utils/selectors.ts
docs/admin/implementation/batch11-issue-607-evidence/archive-generators/probe-v2.config.ts
docs/admin/implementation/batch11-issue-607-evidence/archive-generators/probe-v3.config.ts
docs/admin/implementation/batch11-issue-607-evidence/archive-generators/probe-v4.config.ts
docs/admin/implementation/batch11-issue-607-evidence/archive-generators/probe.config.ts
docs/admin/implementation/batch11-issue-607-evidence/archive-generators/publish-archives.py
docs/admin/implementation/batch11-issue-607-evidence/archive-generators/publish-archives_v2.py
docs/admin/implementation/batch11-issue-607-evidence/archive-generators/publish-archives_v3.py
docs/admin/implementation/batch11-issue-607-evidence/archive-generators/publish-review-and-checks.py
docs/admin/implementation/batch11-issue-607-evidence/archive-generators/publish-review-and-checks_v2.py
docs/admin/implementation/batch11-issue-607-evidence/archive-generators/record.py
docs/admin/implementation/batch11-issue-607-evidence/archive-generators/record_v2.py
docs/admin/implementation/batch11-issue-607-evidence/archive-generators/record_v3.py
docs/admin/implementation/batch11-issue-607-evidence/archive-generators/record_v4.py
docs/admin/implementation/batch11-issue-607-evidence/archive-generators/repaired-table-source.tsx
docs/admin/implementation/batch11-issue-607-evidence/archive-generators/reproduce-semantic-controls.py
docs/admin/implementation/batch11-issue-607-evidence/archive-generators/reproduce-verifier-controls.py
docs/admin/implementation/batch11-issue-607-evidence/archive-generators/reset-owned-fixture-databases.py
docs/admin/implementation/batch11-issue-607-evidence/archive-generators/run-author-checks-attempt2.py
docs/admin/implementation/batch11-issue-607-evidence/archive-generators/run-author-checks.py
docs/admin/implementation/batch11-issue-607-evidence/archive-generators/run-focused-green-rechecked.py
docs/admin/implementation/batch11-issue-607-evidence/archive-generators/run-full-current-attempt2.py
docs/admin/implementation/batch11-issue-607-evidence/archive-generators/run-full-current-attempt3-remaining-attempt2.py
docs/admin/implementation/batch11-issue-607-evidence/archive-generators/run-full-current-attempt3-remaining.py
docs/admin/implementation/batch11-issue-607-evidence/archive-generators/run-full-current-attempt3.py
docs/admin/implementation/batch11-issue-607-evidence/archive-generators/run-full-current.py
docs/admin/implementation/batch11-issue-607-evidence/archive-generators/run-initial-render-launch-control.py
docs/admin/implementation/batch11-issue-607-evidence/archive-generators/run-initial-render-launch-control_v2.py
docs/admin/implementation/batch11-issue-607-evidence/archive-generators/run-pending-original-green-rechecked.py
docs/admin/implementation/batch11-issue-607-evidence/archive-generators/run-refreshed-controls.py
docs/admin/implementation/batch11-issue-607-evidence/archive-generators/run_full.py
docs/admin/implementation/batch11-issue-607-evidence/archive-generators/run_record_v3.py
docs/admin/implementation/batch11-issue-607-evidence/archive-generators/runtime.mjs
docs/admin/implementation/batch11-issue-607-evidence/archive-generators/verify_packet-frozen-13af.py
docs/admin/implementation/batch11-issue-607-evidence/archives/apt-install.log.gz
docs/admin/implementation/batch11-issue-607-evidence/archives/apt-update.log.gz
docs/admin/implementation/batch11-issue-607-evidence/archives/author-checks-attempt2-capture.json.gz
docs/admin/implementation/batch11-issue-607-evidence/archives/author-checks-attempt2-capture.log.gz
docs/admin/implementation/batch11-issue-607-evidence/archives/author-checks-capture.json.gz
docs/admin/implementation/batch11-issue-607-evidence/archives/author-checks-capture.log.gz
docs/admin/implementation/batch11-issue-607-evidence/archives/baseline-inventory.json.gz
docs/admin/implementation/batch11-issue-607-evidence/archives/baseline-original-100-report.json.gz
docs/admin/implementation/batch11-issue-607-evidence/archives/baseline-original-100.json.gz
docs/admin/implementation/batch11-issue-607-evidence/archives/baseline-original-100.log.gz
docs/admin/implementation/batch11-issue-607-evidence/archives/boundary-red-attempt2-output/.last-run.json.gz
docs/admin/implementation/batch11-issue-607-evidence/archives/boundary-red-attempt2-output/county-pagination-paginati-67663--a-failed-server-navigation-chromium/error-context.md.gz
docs/admin/implementation/batch11-issue-607-evidence/archives/boundary-red-attempt2-output/county-pagination-paginati-67663--a-failed-server-navigation-chromium/test-failed-1.png.gz
docs/admin/implementation/batch11-issue-607-evidence/archives/boundary-red-attempt2-output/county-pagination-paginati-67663--a-failed-server-navigation-chromium/trace.zip.gz
docs/admin/implementation/batch11-issue-607-evidence/archives/boundary-red-attempt2-output/county-pagination-paginati-67663--a-failed-server-navigation-chromium/video.webm.gz
docs/admin/implementation/batch11-issue-607-evidence/archives/boundary-red-attempt2-output/county-pagination-paginati-d7e01-a-pending-server-navigation-chromium/error-context.md.gz
docs/admin/implementation/batch11-issue-607-evidence/archives/boundary-red-attempt2-output/county-pagination-paginati-d7e01-a-pending-server-navigation-chromium/test-failed-1.png.gz
docs/admin/implementation/batch11-issue-607-evidence/archives/boundary-red-attempt2-output/county-pagination-paginati-d7e01-a-pending-server-navigation-chromium/trace.zip.gz
docs/admin/implementation/batch11-issue-607-evidence/archives/boundary-red-attempt2-output/county-pagination-paginati-d7e01-a-pending-server-navigation-chromium/video.webm.gz
docs/admin/implementation/batch11-issue-607-evidence/archives/boundary-red-attempt2-output/county-pagination-rapid-pa-1b784-without-a-server-navigation-chromium/error-context.md.gz
docs/admin/implementation/batch11-issue-607-evidence/archives/boundary-red-attempt2-output/county-pagination-rapid-pa-1b784-without-a-server-navigation-chromium/test-failed-1.png.gz
docs/admin/implementation/batch11-issue-607-evidence/archives/boundary-red-attempt2-output/county-pagination-rapid-pa-1b784-without-a-server-navigation-chromium/trace.zip.gz
docs/admin/implementation/batch11-issue-607-evidence/archives/boundary-red-attempt2-output/county-pagination-rapid-pa-1b784-without-a-server-navigation-chromium/video.webm.gz
docs/admin/implementation/batch11-issue-607-evidence/archives/boundary-red-attempt2-report.json.gz
docs/admin/implementation/batch11-issue-607-evidence/archives/boundary-red-attempt2.json.gz
docs/admin/implementation/batch11-issue-607-evidence/archives/boundary-red-attempt2.log.gz
docs/admin/implementation/batch11-issue-607-evidence/archives/budget-deduplication.json.gz
docs/admin/implementation/batch11-issue-607-evidence/archives/budget-exact-search.json.gz
docs/admin/implementation/batch11-issue-607-evidence/archives/budget-issue-search.json.gz
docs/admin/implementation/batch11-issue-607-evidence/archives/budget-pr-search.json.gz
docs/admin/implementation/batch11-issue-607-evidence/archives/budget-refresh-search-page2.json.gz
docs/admin/implementation/batch11-issue-607-evidence/archives/budget-refresh-search-page3.json.gz
docs/admin/implementation/batch11-issue-607-evidence/archives/budget-refresh-search.json.gz
docs/admin/implementation/batch11-issue-607-evidence/archives/budget-selector-launch-control-report.json.gz
docs/admin/implementation/batch11-issue-607-evidence/archives/budget-selector-launch-control.json.gz
docs/admin/implementation/batch11-issue-607-evidence/archives/budget-selector-launch-control.log.gz
docs/admin/implementation/batch11-issue-607-evidence/archives/contracts-before-fix-output/.last-run.json.gz
docs/admin/implementation/batch11-issue-607-evidence/archives/contracts-before-fix-output/county-query-contract-deep-efd1a-eep-URL-and-rows-consistent-chromium/error-context.md.gz
docs/admin/implementation/batch11-issue-607-evidence/archives/contracts-before-fix-output/county-query-contract-deep-efd1a-eep-URL-and-rows-consistent-chromium/test-failed-1.png.gz
docs/admin/implementation/batch11-issue-607-evidence/archives/contracts-before-fix-output/county-query-contract-deep-efd1a-eep-URL-and-rows-consistent-chromium/trace.zip.gz
docs/admin/implementation/batch11-issue-607-evidence/archives/contracts-before-fix-output/county-query-contract-deep-efd1a-eep-URL-and-rows-consistent-chromium/video.webm.gz
docs/admin/implementation/batch11-issue-607-evidence/archives/contracts-before-fix-output/county-query-contract-pagi-49d92-lues-hash-and-history-depth-chromium/error-context.md.gz
docs/admin/implementation/batch11-issue-607-evidence/archives/contracts-before-fix-output/county-query-contract-pagi-49d92-lues-hash-and-history-depth-chromium/test-failed-1.png.gz
docs/admin/implementation/batch11-issue-607-evidence/archives/contracts-before-fix-output/county-query-contract-pagi-49d92-lues-hash-and-history-depth-chromium/trace.zip.gz
docs/admin/implementation/batch11-issue-607-evidence/archives/contracts-before-fix-output/county-query-contract-pagi-49d92-lues-hash-and-history-depth-chromium/video.webm.gz
docs/admin/implementation/batch11-issue-607-evidence/archives/contracts-before-fix-report.json.gz
docs/admin/implementation/batch11-issue-607-evidence/archives/contracts-before-fix.json.gz
docs/admin/implementation/batch11-issue-607-evidence/archives/contracts-before-fix.log.gz
docs/admin/implementation/batch11-issue-607-evidence/archives/contracts-corrected-before-fix-output/.last-run.json.gz
docs/admin/implementation/batch11-issue-607-evidence/archives/contracts-corrected-before-fix-output/county-pagination-contract-e9110-lues-hash-and-history-depth-chromium/error-context.md.gz
docs/admin/implementation/batch11-issue-607-evidence/archives/contracts-corrected-before-fix-output/county-pagination-contract-e9110-lues-hash-and-history-depth-chromium/test-failed-1.png.gz
docs/admin/implementation/batch11-issue-607-evidence/archives/contracts-corrected-before-fix-output/county-pagination-contract-e9110-lues-hash-and-history-depth-chromium/trace.zip.gz
docs/admin/implementation/batch11-issue-607-evidence/archives/contracts-corrected-before-fix-output/county-pagination-contract-e9110-lues-hash-and-history-depth-chromium/video.webm.gz
docs/admin/implementation/batch11-issue-607-evidence/archives/contracts-corrected-before-fix-report.json.gz
docs/admin/implementation/batch11-issue-607-evidence/archives/contracts-corrected-before-fix.json.gz
docs/admin/implementation/batch11-issue-607-evidence/archives/contracts-corrected-before-fix.log.gz
docs/admin/implementation/batch11-issue-607-evidence/archives/county-candidate-221.json.gz
docs/admin/implementation/batch11-issue-607-evidence/archives/county-candidate-291.json.gz
docs/admin/implementation/batch11-issue-607-evidence/archives/county-candidate-445.json.gz
docs/admin/implementation/batch11-issue-607-evidence/archives/county-candidate-449.json.gz
docs/admin/implementation/batch11-issue-607-evidence/archives/county-candidate-450.json.gz
docs/admin/implementation/batch11-issue-607-evidence/archives/county-candidate-545.json.gz
docs/admin/implementation/batch11-issue-607-evidence/archives/county-candidate-587.json.gz
docs/admin/implementation/batch11-issue-607-evidence/archives/county-candidate-601.json.gz
docs/admin/implementation/batch11-issue-607-evidence/archives/county-candidate-607.json.gz
docs/admin/implementation/batch11-issue-607-evidence/archives/county-duplicate-search.json.gz
docs/admin/implementation/batch11-issue-607-evidence/archives/county-heading-search.json.gz
docs/admin/implementation/batch11-issue-607-evidence/archives/county-initial-dedupe-collection.json.gz
docs/admin/implementation/batch11-issue-607-evidence/archives/county-initial-exact-search.json.gz
docs/admin/implementation/batch11-issue-607-evidence/archives/county-legacy-exact-search.json.gz
docs/admin/implementation/batch11-issue-607-evidence/archives/county-pr-candidate-311.json.gz
docs/admin/implementation/batch11-issue-607-evidence/archives/county-pr-candidate-351.json.gz
docs/admin/implementation/batch11-issue-607-evidence/archives/county-pr-candidate-454.json.gz
docs/admin/implementation/batch11-issue-607-evidence/archives/county-unit-native-green-report.json.gz
docs/admin/implementation/batch11-issue-607-evidence/archives/county-unit-native-green.json.gz
docs/admin/implementation/batch11-issue-607-evidence/archives/county-unit-native-green.log.gz
docs/admin/implementation/batch11-issue-607-evidence/archives/current-full-accounting.json.gz
docs/admin/implementation/batch11-issue-607-evidence/archives/current-inventory-collection.json.gz
docs/admin/implementation/batch11-issue-607-evidence/archives/current-inventory-collection.log.gz
docs/admin/implementation/batch11-issue-607-evidence/archives/current-inventory.json.gz
docs/admin/implementation/batch11-issue-607-evidence/archives/diagnosis.md.gz
docs/admin/implementation/batch11-issue-607-evidence/archives/failure-deduplication-refreshed.json.gz
docs/admin/implementation/batch11-issue-607-evidence/archives/focused-green-rechecked-output/.last-run.json.gz
docs/admin/implementation/batch11-issue-607-evidence/archives/focused-green-rechecked-report.json.gz
docs/admin/implementation/batch11-issue-607-evidence/archives/focused-green-rechecked.json.gz
docs/admin/implementation/batch11-issue-607-evidence/archives/focused-green-rechecked.log.gz
docs/admin/implementation/batch11-issue-607-evidence/archives/focused-green-report.json.gz
docs/admin/implementation/batch11-issue-607-evidence/archives/focused-green.json.gz
docs/admin/implementation/batch11-issue-607-evidence/archives/focused-green.log.gz
docs/admin/implementation/batch11-issue-607-evidence/archives/full-current-attempt2-capture.json.gz
docs/admin/implementation/batch11-issue-607-evidence/archives/full-current-attempt2-capture.log.gz
docs/admin/implementation/batch11-issue-607-evidence/archives/full-current-attempt2/coordinator-output/.last-run.json.gz
docs/admin/implementation/batch11-issue-607-evidence/archives/full-current-attempt2/coordinator-output/batch7_coordinator_integra-1947e-l-and-safe-back-links-agree-chromium/actual-postgresql-observations.json.gz
docs/admin/implementation/batch11-issue-607-evidence/archives/full-current-attempt2/coordinator-output/batch7_coordinator_integra-1947e-l-and-safe-back-links-agree-chromium/attachments/actual-postgresql-observations-40b5ee8f61c98ded15075ca4451682ca7d51238e.json.gz
docs/admin/implementation/batch11-issue-607-evidence/archives/full-current-attempt2/coordinator-output/batch7_coordinator_integra-1947e-l-and-safe-back-links-agree-chromium/attachments/unexpected-browser-transport-4799b9b9b56e4cb88e6260abe3ee411f7dc22c8a.json.gz
docs/admin/implementation/batch11-issue-607-evidence/archives/full-current-attempt2/coordinator-output/batch7_coordinator_integra-1947e-l-and-safe-back-links-agree-chromium/unexpected-browser-transport.json.gz
docs/admin/implementation/batch11-issue-607-evidence/archives/full-current-attempt2/coordinator-output/batch7_coordinator_integra-2cfe7-rolls-back-the-inert-effect-chromium/actual-postgresql-observations.json.gz
docs/admin/implementation/batch11-issue-607-evidence/archives/full-current-attempt2/coordinator-output/batch7_coordinator_integra-2cfe7-rolls-back-the-inert-effect-chromium/attachments/actual-postgresql-observations-000b9f9ece94d7bb67226cbc0f89a7589e252368.json.gz
docs/admin/implementation/batch11-issue-607-evidence/archives/full-current-attempt2/coordinator-output/batch7_coordinator_integra-2cfe7-rolls-back-the-inert-effect-chromium/attachments/unexpected-browser-transport-af9cc082026d434aeab2721f8c4fd4d9015e2c08.json.gz
docs/admin/implementation/batch11-issue-607-evidence/archives/full-current-attempt2/coordinator-output/batch7_coordinator_integra-2cfe7-rolls-back-the-inert-effect-chromium/unexpected-browser-transport.json.gz
docs/admin/implementation/batch11-issue-607-evidence/archives/full-current-attempt2/coordinator-output/batch7_coordinator_integra-611e1-jected-intent-after-renewal-chromium/actual-postgresql-observations.json.gz
docs/admin/implementation/batch11-issue-607-evidence/archives/full-current-attempt2/coordinator-output/batch7_coordinator_integra-611e1-jected-intent-after-renewal-chromium/attachments/actual-postgresql-observations-a0d9bd062ce9a9b2bb9efafa9a1af5bd8694d82e.json.gz
docs/admin/implementation/batch11-issue-607-evidence/archives/full-current-attempt2/coordinator-output/batch7_coordinator_integra-611e1-jected-intent-after-renewal-chromium/attachments/unexpected-browser-transport-6c12949b0a6ecb5249fdc0f6183c30ff514889c5.json.gz
docs/admin/implementation/batch11-issue-607-evidence/archives/full-current-attempt2/coordinator-output/batch7_coordinator_integra-611e1-jected-intent-after-renewal-chromium/unexpected-browser-transport.json.gz
docs/admin/implementation/batch11-issue-607-evidence/archives/full-current-attempt2/coordinator-output/batch7_coordinator_integra-7934a-UI-intent-before-acceptance-chromium/actual-postgresql-observations.json.gz
docs/admin/implementation/batch11-issue-607-evidence/archives/full-current-attempt2/coordinator-output/batch7_coordinator_integra-7934a-UI-intent-before-acceptance-chromium/attachments/actual-postgresql-observations-d223409ef331bb0350d718e01bc57c692238a40c.json.gz
docs/admin/implementation/batch11-issue-607-evidence/archives/full-current-attempt2/coordinator-output/batch7_coordinator_integra-7934a-UI-intent-before-acceptance-chromium/attachments/unexpected-browser-transport-3e55afe4ab2fdd10e08c5a07368837edcc9a6655.json.gz
docs/admin/implementation/batch11-issue-607-evidence/archives/full-current-attempt2/coordinator-output/batch7_coordinator_integra-7934a-UI-intent-before-acceptance-chromium/unexpected-browser-transport.json.gz
docs/admin/implementation/batch11-issue-607-evidence/archives/full-current-attempt2/coordinator-output/batch7_coordinator_integra-a263a-letion-stay-within-viewport-chromium/actual-mobile-completed.png.gz
docs/admin/implementation/batch11-issue-607-evidence/archives/full-current-attempt2/coordinator-output/batch7_coordinator_integra-a263a-letion-stay-within-viewport-chromium/actual-postgresql-observations.json.gz
docs/admin/implementation/batch11-issue-607-evidence/archives/full-current-attempt2/coordinator-output/batch7_coordinator_integra-a263a-letion-stay-within-viewport-chromium/attachments/actual-postgresql-observations-141501539d1b126d9f0b4fdd0de409852f4a4366.json.gz
docs/admin/implementation/batch11-issue-607-evidence/archives/full-current-attempt2/coordinator-output/batch7_coordinator_integra-a263a-letion-stay-within-viewport-chromium/attachments/unexpected-browser-transport-97c33045e7feefb1458b14d6264bd86f01a1d8f6.json.gz
docs/admin/implementation/batch11-issue-607-evidence/archives/full-current-attempt2/coordinator-output/batch7_coordinator_integra-a263a-letion-stay-within-viewport-chromium/unexpected-browser-transport.json.gz
docs/admin/implementation/batch11-issue-607-evidence/archives/full-current-attempt2/coordinator-output/batch7_coordinator_integra-b6dfa-lease-expiry-without-replay-chromium/actual-postgresql-observations.json.gz
docs/admin/implementation/batch11-issue-607-evidence/archives/full-current-attempt2/coordinator-output/batch7_coordinator_integra-b6dfa-lease-expiry-without-replay-chromium/attachments/actual-postgresql-observations-cf28d2d2e7f04593aec90fc787c36a7949b8594a.json.gz
docs/admin/implementation/batch11-issue-607-evidence/archives/full-current-attempt2/coordinator-output/batch7_coordinator_integra-b6dfa-lease-expiry-without-replay-chromium/attachments/unexpected-browser-transport-9469b50823d8945e9050383a60c35ccb70c08f97.json.gz
docs/admin/implementation/batch11-issue-607-evidence/archives/full-current-attempt2/coordinator-output/batch7_coordinator_integra-b6dfa-lease-expiry-without-replay-chromium/unexpected-browser-transport.json.gz
docs/admin/implementation/batch11-issue-607-evidence/archives/full-current-attempt2/coordinator-output/batch7_coordinator_integra-b6e3a-audit-and-ingestion-receipt-chromium/actual-completed.png.gz
docs/admin/implementation/batch11-issue-607-evidence/archives/full-current-attempt2/coordinator-output/batch7_coordinator_integra-b6e3a-audit-and-ingestion-receipt-chromium/actual-postgresql-observations.json.gz
docs/admin/implementation/batch11-issue-607-evidence/archives/full-current-attempt2/coordinator-output/batch7_coordinator_integra-b6e3a-audit-and-ingestion-receipt-chromium/actual-worker-ready.png.gz
docs/admin/implementation/batch11-issue-607-evidence/archives/full-current-attempt2/coordinator-output/batch7_coordinator_integra-b6e3a-audit-and-ingestion-receipt-chromium/attachments/actual-postgresql-observations-8528b71f37077bafb44a2dd8d68821dc976aaefe.json.gz
docs/admin/implementation/batch11-issue-607-evidence/archives/full-current-attempt2/coordinator-output/batch7_coordinator_integra-b6e3a-audit-and-ingestion-receipt-chromium/attachments/unexpected-browser-transport-d89a42a6de9d275df443979d434e4beb550a0522.json.gz
docs/admin/implementation/batch11-issue-607-evidence/archives/full-current-attempt2/coordinator-output/batch7_coordinator_integra-b6e3a-audit-and-ingestion-receipt-chromium/unexpected-browser-transport.json.gz
docs/admin/implementation/batch11-issue-607-evidence/archives/full-current-attempt2/coordinator-output/batch7_coordinator_integra-bbc43-in-exclusion-stays-occupied-chromium/actual-interrupted-after-effect.png.gz
docs/admin/implementation/batch11-issue-607-evidence/archives/full-current-attempt2/coordinator-output/batch7_coordinator_integra-bbc43-in-exclusion-stays-occupied-chromium/actual-postgresql-observations.json.gz
docs/admin/implementation/batch11-issue-607-evidence/archives/full-current-attempt2/coordinator-output/batch7_coordinator_integra-bbc43-in-exclusion-stays-occupied-chromium/attachments/actual-postgresql-observations-5b427cca785025769261f281634011d9d345ecbf.json.gz
docs/admin/implementation/batch11-issue-607-evidence/archives/full-current-attempt2/coordinator-output/batch7_coordinator_integra-bbc43-in-exclusion-stays-occupied-chromium/attachments/unexpected-browser-transport-92aa443d13903ddf69ca57ebe4bd91ac297c23de.json.gz
docs/admin/implementation/batch11-issue-607-evidence/archives/full-current-attempt2/coordinator-output/batch7_coordinator_integra-bbc43-in-exclusion-stays-occupied-chromium/unexpected-browser-transport.json.gz
docs/admin/implementation/batch11-issue-607-evidence/archives/full-current-attempt2/coordinator-output/batch7_coordinator_integra-bf281-own-without-raw-diagnostics-chromium/actual-postgresql-observations.json.gz
docs/admin/implementation/batch11-issue-607-evidence/archives/full-current-attempt2/coordinator-output/batch7_coordinator_integra-bf281-own-without-raw-diagnostics-chromium/attachments/actual-postgresql-observations-9115d6a2924b1540710786c4b3a2338b73b151a0.json.gz
docs/admin/implementation/batch11-issue-607-evidence/archives/full-current-attempt2/coordinator-output/batch7_coordinator_integra-bf281-own-without-raw-diagnostics-chromium/attachments/unexpected-browser-transport-c8ce6a933a27ddbce1cb9a8b0d461a8658b74a90.json.gz
docs/admin/implementation/batch11-issue-607-evidence/archives/full-current-attempt2/coordinator-output/batch7_coordinator_integra-bf281-own-without-raw-diagnostics-chromium/unexpected-browser-transport.json.gz
docs/admin/implementation/batch11-issue-607-evidence/archives/full-current-attempt2/coordinator-output/batch7_coordinator_integra-d7502-jected-intent-after-renewal-chromium/actual-postgresql-observations.json.gz
docs/admin/implementation/batch11-issue-607-evidence/archives/full-current-attempt2/coordinator-output/batch7_coordinator_integra-d7502-jected-intent-after-renewal-chromium/attachments/actual-postgresql-observations-cb43760ad6053c6b38cfae9ab82a3f132fa33b68.json.gz
docs/admin/implementation/batch11-issue-607-evidence/archives/full-current-attempt2/coordinator-output/batch7_coordinator_integra-d7502-jected-intent-after-renewal-chromium/attachments/unexpected-browser-transport-cb25a29876d6d7e27374e359d0bc52ea84449195.json.gz
docs/admin/implementation/batch11-issue-607-evidence/archives/full-current-attempt2/coordinator-output/batch7_coordinator_integra-d7502-jected-intent-after-renewal-chromium/unexpected-browser-transport.json.gz
docs/admin/implementation/batch11-issue-607-evidence/archives/full-current-attempt2/coordinator-output/batch7_coordinator_integra-febb7-ject-without-jobs-or-audits-chromium/actual-default-off.png.gz
docs/admin/implementation/batch11-issue-607-evidence/archives/full-current-attempt2/coordinator-output/batch7_coordinator_integra-febb7-ject-without-jobs-or-audits-chromium/actual-postgresql-observations.json.gz
docs/admin/implementation/batch11-issue-607-evidence/archives/full-current-attempt2/coordinator-output/batch7_coordinator_integra-febb7-ject-without-jobs-or-audits-chromium/attachments/actual-postgresql-observations-703cbbc17e9ab77abcdce7a326d8cc3823d20301.json.gz
docs/admin/implementation/batch11-issue-607-evidence/archives/full-current-attempt2/coordinator-output/batch7_coordinator_integra-febb7-ject-without-jobs-or-audits-chromium/attachments/unexpected-browser-transport-b5040b223c2af0b96b21082f8d09ba06745fc9e3.json.gz
docs/admin/implementation/batch11-issue-607-evidence/archives/full-current-attempt2/coordinator-output/batch7_coordinator_integra-febb7-ject-without-jobs-or-audits-chromium/unexpected-browser-transport.json.gz
docs/admin/implementation/batch11-issue-607-evidence/archives/full-current-attempt2/coordinator-receipt.json.gz
docs/admin/implementation/batch11-issue-607-evidence/archives/full-current-attempt2/coordinator-report.json.gz
docs/admin/implementation/batch11-issue-607-evidence/archives/full-current-attempt2/coordinator.log.gz
docs/admin/implementation/batch11-issue-607-evidence/archives/full-current-attempt2/etl-ui-output/.last-run.json.gz
docs/admin/implementation/batch11-issue-607-evidence/archives/full-current-attempt2/etl-ui-output/batch7-etl-ui-failed-termi-6817d-o-automatic-execution-retry-chromium/failed.png.gz
docs/admin/implementation/batch11-issue-607-evidence/archives/full-current-attempt2/etl-ui-output/batch7-etl-ui-interrupted--c1211-o-automatic-execution-retry-chromium/interrupted.png.gz
docs/admin/implementation/batch11-issue-607-evidence/archives/full-current-attempt2/etl-ui-output/batch7-etl-ui-malformed-ca-772e8-sabled-and-refresh-recovers-chromium/malformed.png.gz
docs/admin/implementation/batch11-issue-607-evidence/archives/full-current-attempt2/etl-ui-output/batch7-etl-ui-mobile-keybo-46c8e-s-and-pages-do-not-overflow-chromium/mobile-ready.png.gz
docs/admin/implementation/batch11-issue-607-evidence/archives/full-current-attempt2/etl-ui-output/batch7-etl-ui-mobile-keybo-46c8e-s-and-pages-do-not-overflow-chromium/mobile-receipt.png.gz
docs/admin/implementation/batch11-issue-607-evidence/archives/full-current-attempt2/etl-ui-output/batch7-etl-ui-stale-capabi-b0a8d-sabled-and-refresh-recovers-chromium/stale.png.gz
docs/admin/implementation/batch11-issue-607-evidence/archives/full-current-attempt2/etl-ui-output/batch7-etl-ui-supported-so-abc97-ed-receipt-and-opens-detail-chromium/desktop-queued.png.gz
docs/admin/implementation/batch11-issue-607-evidence/archives/full-current-attempt2/etl-ui-output/batch7-etl-ui-supported-so-abc97-ed-receipt-and-opens-detail-chromium/desktop-ready.png.gz
docs/admin/implementation/batch11-issue-607-evidence/archives/full-current-attempt2/etl-ui-output/batch7-etl-ui-unavailable--f2916-sabled-and-refresh-recovers-chromium/unavailable.png.gz
docs/admin/implementation/batch11-issue-607-evidence/archives/full-current-attempt2/etl-ui-receipt.json.gz
docs/admin/implementation/batch11-issue-607-evidence/archives/full-current-attempt2/etl-ui-report.json.gz
docs/admin/implementation/batch11-issue-607-evidence/archives/full-current-attempt2/etl-ui.log.gz
docs/admin/implementation/batch11-issue-607-evidence/archives/full-current-attempt2/operations-output/.last-run.json.gz
docs/admin/implementation/batch11-issue-607-evidence/archives/full-current-attempt2/operations-receipt.json.gz
docs/admin/implementation/batch11-issue-607-evidence/archives/full-current-attempt2/operations-report.json.gz
docs/admin/implementation/batch11-issue-607-evidence/archives/full-current-attempt2/operations.log.gz
docs/admin/implementation/batch11-issue-607-evidence/archives/full-current-attempt2/overview-audit-output/.last-run.json.gz
docs/admin/implementation/batch11-issue-607-evidence/archives/full-current-attempt2/overview-audit-receipt.json.gz
docs/admin/implementation/batch11-issue-607-evidence/archives/full-current-attempt2/overview-audit-report.json.gz
docs/admin/implementation/batch11-issue-607-evidence/archives/full-current-attempt2/overview-audit.log.gz
docs/admin/implementation/batch11-issue-607-evidence/archives/full-current-attempt2/public-output/.last-run.json.gz
docs/admin/implementation/batch11-issue-607-evidence/archives/full-current-attempt2/public-output/header-hit-targets-header--4a217-e-with-fallback-fonts-plain-chromium/header-plain-1280.png.gz
docs/admin/implementation/batch11-issue-607-evidence/archives/full-current-attempt2/public-output/header-hit-targets-header--5f4b1-able-with-fallback-fonts-sw-chromium/header-sw-1280.png.gz
docs/admin/implementation/batch11-issue-607-evidence/archives/full-current-attempt2/public-output/header-hit-targets-header--7e7e3-able-with-fallback-fonts-en-chromium/header-en-1280.png.gz
docs/admin/implementation/batch11-issue-607-evidence/archives/full-current-attempt2/public-output/header-hit-targets-mobile--19cfd-their-controls-reachable-en-chromium/menu-en-320.png.gz
docs/admin/implementation/batch11-issue-607-evidence/archives/full-current-attempt2/public-output/header-hit-targets-mobile--227f1-ir-controls-reachable-plain-chromium/menu-plain-320.png.gz
docs/admin/implementation/batch11-issue-607-evidence/archives/full-current-attempt2/public-output/header-hit-targets-mobile--5b210-their-controls-reachable-sw-chromium/menu-sw-320.png.gz
docs/admin/implementation/batch11-issue-607-evidence/archives/full-current-attempt2/public-receipt.json.gz
docs/admin/implementation/batch11-issue-607-evidence/archives/full-current-attempt2/public-report.json.gz
docs/admin/implementation/batch11-issue-607-evidence/archives/full-current-attempt2/public.log.gz
docs/admin/implementation/batch11-issue-607-evidence/archives/full-current-attempt2/summary.json.gz
docs/admin/implementation/batch11-issue-607-evidence/archives/full-current-attempt2/users-output/.last-run.json.gz
docs/admin/implementation/batch11-issue-607-evidence/archives/full-current-attempt2/users-receipt.json.gz
docs/admin/implementation/batch11-issue-607-evidence/archives/full-current-attempt2/users-report.json.gz
docs/admin/implementation/batch11-issue-607-evidence/archives/full-current-attempt2/users.log.gz
docs/admin/implementation/batch11-issue-607-evidence/archives/full-current-attempt3-capture.json.gz
docs/admin/implementation/batch11-issue-607-evidence/archives/full-current-attempt3-capture.log.gz
docs/admin/implementation/batch11-issue-607-evidence/archives/full-current-attempt3-remaining-attempt2-capture.json.gz
docs/admin/implementation/batch11-issue-607-evidence/archives/full-current-attempt3-remaining-attempt2-capture.log.gz
docs/admin/implementation/batch11-issue-607-evidence/archives/full-current-attempt3-remaining-attempt2/coordinator-output/.last-run.json.gz
docs/admin/implementation/batch11-issue-607-evidence/archives/full-current-attempt3-remaining-attempt2/coordinator-output/batch7_coordinator_integra-1947e-l-and-safe-back-links-agree-chromium/actual-postgresql-observations.json.gz
docs/admin/implementation/batch11-issue-607-evidence/archives/full-current-attempt3-remaining-attempt2/coordinator-output/batch7_coordinator_integra-1947e-l-and-safe-back-links-agree-chromium/attachments/actual-postgresql-observations-8798ba6da1a73d0d4adea3b9f26e5f29e2b3dbfe.json.gz
docs/admin/implementation/batch11-issue-607-evidence/archives/full-current-attempt3-remaining-attempt2/coordinator-output/batch7_coordinator_integra-1947e-l-and-safe-back-links-agree-chromium/attachments/unexpected-browser-transport-f61ed780f8c208c7dc5b10cb7f1725d2e81f3de3.json.gz
docs/admin/implementation/batch11-issue-607-evidence/archives/full-current-attempt3-remaining-attempt2/coordinator-output/batch7_coordinator_integra-1947e-l-and-safe-back-links-agree-chromium/unexpected-browser-transport.json.gz
docs/admin/implementation/batch11-issue-607-evidence/archives/full-current-attempt3-remaining-attempt2/coordinator-output/batch7_coordinator_integra-2cfe7-rolls-back-the-inert-effect-chromium/actual-postgresql-observations.json.gz
docs/admin/implementation/batch11-issue-607-evidence/archives/full-current-attempt3-remaining-attempt2/coordinator-output/batch7_coordinator_integra-2cfe7-rolls-back-the-inert-effect-chromium/attachments/actual-postgresql-observations-20db980304a8077260a392bf43d1e9b54caa4115.json.gz
docs/admin/implementation/batch11-issue-607-evidence/archives/full-current-attempt3-remaining-attempt2/coordinator-output/batch7_coordinator_integra-2cfe7-rolls-back-the-inert-effect-chromium/attachments/unexpected-browser-transport-cc62d7c4a5a8f21114be5ddfe3b288dedf9e1d0b.json.gz
docs/admin/implementation/batch11-issue-607-evidence/archives/full-current-attempt3-remaining-attempt2/coordinator-output/batch7_coordinator_integra-2cfe7-rolls-back-the-inert-effect-chromium/unexpected-browser-transport.json.gz
docs/admin/implementation/batch11-issue-607-evidence/archives/full-current-attempt3-remaining-attempt2/coordinator-output/batch7_coordinator_integra-611e1-jected-intent-after-renewal-chromium/actual-postgresql-observations.json.gz
docs/admin/implementation/batch11-issue-607-evidence/archives/full-current-attempt3-remaining-attempt2/coordinator-output/batch7_coordinator_integra-611e1-jected-intent-after-renewal-chromium/attachments/actual-postgresql-observations-d345c6ee6b8b31e2743cc966764af403ad6bed48.json.gz
docs/admin/implementation/batch11-issue-607-evidence/archives/full-current-attempt3-remaining-attempt2/coordinator-output/batch7_coordinator_integra-611e1-jected-intent-after-renewal-chromium/attachments/unexpected-browser-transport-b58e80403f4edb9a94fd57adb2e80a355a153f16.json.gz
docs/admin/implementation/batch11-issue-607-evidence/archives/full-current-attempt3-remaining-attempt2/coordinator-output/batch7_coordinator_integra-611e1-jected-intent-after-renewal-chromium/unexpected-browser-transport.json.gz
docs/admin/implementation/batch11-issue-607-evidence/archives/full-current-attempt3-remaining-attempt2/coordinator-output/batch7_coordinator_integra-7934a-UI-intent-before-acceptance-chromium/actual-postgresql-observations.json.gz
docs/admin/implementation/batch11-issue-607-evidence/archives/full-current-attempt3-remaining-attempt2/coordinator-output/batch7_coordinator_integra-7934a-UI-intent-before-acceptance-chromium/attachments/actual-postgresql-observations-54d45b1208c85ce83b47135e7578fca29d103b39.json.gz
docs/admin/implementation/batch11-issue-607-evidence/archives/full-current-attempt3-remaining-attempt2/coordinator-output/batch7_coordinator_integra-7934a-UI-intent-before-acceptance-chromium/attachments/unexpected-browser-transport-293320c308a548ecf65b65a4e8cc4bc574116c14.json.gz
docs/admin/implementation/batch11-issue-607-evidence/archives/full-current-attempt3-remaining-attempt2/coordinator-output/batch7_coordinator_integra-7934a-UI-intent-before-acceptance-chromium/unexpected-browser-transport.json.gz
docs/admin/implementation/batch11-issue-607-evidence/archives/full-current-attempt3-remaining-attempt2/coordinator-output/batch7_coordinator_integra-a263a-letion-stay-within-viewport-chromium/actual-mobile-completed.png.gz
docs/admin/implementation/batch11-issue-607-evidence/archives/full-current-attempt3-remaining-attempt2/coordinator-output/batch7_coordinator_integra-a263a-letion-stay-within-viewport-chromium/actual-postgresql-observations.json.gz
docs/admin/implementation/batch11-issue-607-evidence/archives/full-current-attempt3-remaining-attempt2/coordinator-output/batch7_coordinator_integra-a263a-letion-stay-within-viewport-chromium/attachments/actual-postgresql-observations-d2ddb3841f2a9bcaf809b8fd159a8c2190d17064.json.gz
docs/admin/implementation/batch11-issue-607-evidence/archives/full-current-attempt3-remaining-attempt2/coordinator-output/batch7_coordinator_integra-a263a-letion-stay-within-viewport-chromium/attachments/unexpected-browser-transport-7a16e89f8a837b96e6f27e6d1057ea0534234025.json.gz
docs/admin/implementation/batch11-issue-607-evidence/archives/full-current-attempt3-remaining-attempt2/coordinator-output/batch7_coordinator_integra-a263a-letion-stay-within-viewport-chromium/unexpected-browser-transport.json.gz
docs/admin/implementation/batch11-issue-607-evidence/archives/full-current-attempt3-remaining-attempt2/coordinator-output/batch7_coordinator_integra-b6dfa-lease-expiry-without-replay-chromium/actual-postgresql-observations.json.gz
docs/admin/implementation/batch11-issue-607-evidence/archives/full-current-attempt3-remaining-attempt2/coordinator-output/batch7_coordinator_integra-b6dfa-lease-expiry-without-replay-chromium/attachments/actual-postgresql-observations-f19307c69be5d0eb0aac91d90613b692bca8aa5c.json.gz
docs/admin/implementation/batch11-issue-607-evidence/archives/full-current-attempt3-remaining-attempt2/coordinator-output/batch7_coordinator_integra-b6dfa-lease-expiry-without-replay-chromium/attachments/unexpected-browser-transport-6113f09b39a2c7e8b4791ece90f1520d76bb7612.json.gz
docs/admin/implementation/batch11-issue-607-evidence/archives/full-current-attempt3-remaining-attempt2/coordinator-output/batch7_coordinator_integra-b6dfa-lease-expiry-without-replay-chromium/unexpected-browser-transport.json.gz
docs/admin/implementation/batch11-issue-607-evidence/archives/full-current-attempt3-remaining-attempt2/coordinator-output/batch7_coordinator_integra-b6e3a-audit-and-ingestion-receipt-chromium/actual-completed.png.gz
docs/admin/implementation/batch11-issue-607-evidence/archives/full-current-attempt3-remaining-attempt2/coordinator-output/batch7_coordinator_integra-b6e3a-audit-and-ingestion-receipt-chromium/actual-postgresql-observations.json.gz
docs/admin/implementation/batch11-issue-607-evidence/archives/full-current-attempt3-remaining-attempt2/coordinator-output/batch7_coordinator_integra-b6e3a-audit-and-ingestion-receipt-chromium/actual-worker-ready.png.gz
docs/admin/implementation/batch11-issue-607-evidence/archives/full-current-attempt3-remaining-attempt2/coordinator-output/batch7_coordinator_integra-b6e3a-audit-and-ingestion-receipt-chromium/attachments/actual-postgresql-observations-261ac962ff2275d9260c4e0b203c10c05b266d97.json.gz
docs/admin/implementation/batch11-issue-607-evidence/archives/full-current-attempt3-remaining-attempt2/coordinator-output/batch7_coordinator_integra-b6e3a-audit-and-ingestion-receipt-chromium/attachments/unexpected-browser-transport-3be697a3e4f9db57b965fd984e9a627260d93be8.json.gz
docs/admin/implementation/batch11-issue-607-evidence/archives/full-current-attempt3-remaining-attempt2/coordinator-output/batch7_coordinator_integra-b6e3a-audit-and-ingestion-receipt-chromium/unexpected-browser-transport.json.gz
docs/admin/implementation/batch11-issue-607-evidence/archives/full-current-attempt3-remaining-attempt2/coordinator-output/batch7_coordinator_integra-bbc43-in-exclusion-stays-occupied-chromium/actual-interrupted-after-effect.png.gz
docs/admin/implementation/batch11-issue-607-evidence/archives/full-current-attempt3-remaining-attempt2/coordinator-output/batch7_coordinator_integra-bbc43-in-exclusion-stays-occupied-chromium/actual-postgresql-observations.json.gz
docs/admin/implementation/batch11-issue-607-evidence/archives/full-current-attempt3-remaining-attempt2/coordinator-output/batch7_coordinator_integra-bbc43-in-exclusion-stays-occupied-chromium/attachments/actual-postgresql-observations-c1ce965feba059a5c06e4ac24eb857e5fe905786.json.gz
docs/admin/implementation/batch11-issue-607-evidence/archives/full-current-attempt3-remaining-attempt2/coordinator-output/batch7_coordinator_integra-bbc43-in-exclusion-stays-occupied-chromium/attachments/unexpected-browser-transport-78a9d5ee27545c2471ab06cfc0f805baa6d58c90.json.gz
docs/admin/implementation/batch11-issue-607-evidence/archives/full-current-attempt3-remaining-attempt2/coordinator-output/batch7_coordinator_integra-bbc43-in-exclusion-stays-occupied-chromium/unexpected-browser-transport.json.gz
docs/admin/implementation/batch11-issue-607-evidence/archives/full-current-attempt3-remaining-attempt2/coordinator-output/batch7_coordinator_integra-bf281-own-without-raw-diagnostics-chromium/actual-postgresql-observations.json.gz
docs/admin/implementation/batch11-issue-607-evidence/archives/full-current-attempt3-remaining-attempt2/coordinator-output/batch7_coordinator_integra-bf281-own-without-raw-diagnostics-chromium/attachments/actual-postgresql-observations-76fcd8cff6f3423871c3fa2c54f801c896bd0171.json.gz
docs/admin/implementation/batch11-issue-607-evidence/archives/full-current-attempt3-remaining-attempt2/coordinator-output/batch7_coordinator_integra-bf281-own-without-raw-diagnostics-chromium/attachments/unexpected-browser-transport-635549c660c9f7741ffacab333ace3b1e6432a5f.json.gz
docs/admin/implementation/batch11-issue-607-evidence/archives/full-current-attempt3-remaining-attempt2/coordinator-output/batch7_coordinator_integra-bf281-own-without-raw-diagnostics-chromium/unexpected-browser-transport.json.gz
docs/admin/implementation/batch11-issue-607-evidence/archives/full-current-attempt3-remaining-attempt2/coordinator-output/batch7_coordinator_integra-d7502-jected-intent-after-renewal-chromium/actual-postgresql-observations.json.gz
docs/admin/implementation/batch11-issue-607-evidence/archives/full-current-attempt3-remaining-attempt2/coordinator-output/batch7_coordinator_integra-d7502-jected-intent-after-renewal-chromium/attachments/actual-postgresql-observations-b3304a59ab8a313580ef8fc0b0ecfdcb0864dc6b.json.gz
docs/admin/implementation/batch11-issue-607-evidence/archives/full-current-attempt3-remaining-attempt2/coordinator-output/batch7_coordinator_integra-d7502-jected-intent-after-renewal-chromium/attachments/unexpected-browser-transport-dda4ef1d5244ee1568e2bb429a1b241c800431fb.json.gz
docs/admin/implementation/batch11-issue-607-evidence/archives/full-current-attempt3-remaining-attempt2/coordinator-output/batch7_coordinator_integra-d7502-jected-intent-after-renewal-chromium/unexpected-browser-transport.json.gz
docs/admin/implementation/batch11-issue-607-evidence/archives/full-current-attempt3-remaining-attempt2/coordinator-output/batch7_coordinator_integra-febb7-ject-without-jobs-or-audits-chromium/actual-default-off.png.gz
docs/admin/implementation/batch11-issue-607-evidence/archives/full-current-attempt3-remaining-attempt2/coordinator-output/batch7_coordinator_integra-febb7-ject-without-jobs-or-audits-chromium/actual-postgresql-observations.json.gz
docs/admin/implementation/batch11-issue-607-evidence/archives/full-current-attempt3-remaining-attempt2/coordinator-output/batch7_coordinator_integra-febb7-ject-without-jobs-or-audits-chromium/attachments/actual-postgresql-observations-98f8b0191f3a495247694ae30cf26cca71348eac.json.gz
docs/admin/implementation/batch11-issue-607-evidence/archives/full-current-attempt3-remaining-attempt2/coordinator-output/batch7_coordinator_integra-febb7-ject-without-jobs-or-audits-chromium/attachments/unexpected-browser-transport-2b6adcc1b8c006681d2163a920e469d33c51220e.json.gz
docs/admin/implementation/batch11-issue-607-evidence/archives/full-current-attempt3-remaining-attempt2/coordinator-output/batch7_coordinator_integra-febb7-ject-without-jobs-or-audits-chromium/unexpected-browser-transport.json.gz
docs/admin/implementation/batch11-issue-607-evidence/archives/full-current-attempt3-remaining-attempt2/coordinator-receipt.json.gz
docs/admin/implementation/batch11-issue-607-evidence/archives/full-current-attempt3-remaining-attempt2/coordinator-report.json.gz
docs/admin/implementation/batch11-issue-607-evidence/archives/full-current-attempt3-remaining-attempt2/coordinator.log.gz
docs/admin/implementation/batch11-issue-607-evidence/archives/full-current-attempt3-remaining-attempt2/etl-ui-output/.last-run.json.gz
docs/admin/implementation/batch11-issue-607-evidence/archives/full-current-attempt3-remaining-attempt2/etl-ui-output/batch7-etl-ui-failed-termi-6817d-o-automatic-execution-retry-chromium/failed.png.gz
docs/admin/implementation/batch11-issue-607-evidence/archives/full-current-attempt3-remaining-attempt2/etl-ui-output/batch7-etl-ui-interrupted--c1211-o-automatic-execution-retry-chromium/interrupted.png.gz
docs/admin/implementation/batch11-issue-607-evidence/archives/full-current-attempt3-remaining-attempt2/etl-ui-output/batch7-etl-ui-malformed-ca-772e8-sabled-and-refresh-recovers-chromium/malformed.png.gz
docs/admin/implementation/batch11-issue-607-evidence/archives/full-current-attempt3-remaining-attempt2/etl-ui-output/batch7-etl-ui-mobile-keybo-46c8e-s-and-pages-do-not-overflow-chromium/mobile-ready.png.gz
docs/admin/implementation/batch11-issue-607-evidence/archives/full-current-attempt3-remaining-attempt2/etl-ui-output/batch7-etl-ui-mobile-keybo-46c8e-s-and-pages-do-not-overflow-chromium/mobile-receipt.png.gz
docs/admin/implementation/batch11-issue-607-evidence/archives/full-current-attempt3-remaining-attempt2/etl-ui-output/batch7-etl-ui-stale-capabi-b0a8d-sabled-and-refresh-recovers-chromium/stale.png.gz
docs/admin/implementation/batch11-issue-607-evidence/archives/full-current-attempt3-remaining-attempt2/etl-ui-output/batch7-etl-ui-supported-so-abc97-ed-receipt-and-opens-detail-chromium/desktop-queued.png.gz
docs/admin/implementation/batch11-issue-607-evidence/archives/full-current-attempt3-remaining-attempt2/etl-ui-output/batch7-etl-ui-supported-so-abc97-ed-receipt-and-opens-detail-chromium/desktop-ready.png.gz
docs/admin/implementation/batch11-issue-607-evidence/archives/full-current-attempt3-remaining-attempt2/etl-ui-output/batch7-etl-ui-unavailable--f2916-sabled-and-refresh-recovers-chromium/unavailable.png.gz
docs/admin/implementation/batch11-issue-607-evidence/archives/full-current-attempt3-remaining-attempt2/etl-ui-receipt.json.gz
docs/admin/implementation/batch11-issue-607-evidence/archives/full-current-attempt3-remaining-attempt2/etl-ui-report.json.gz
docs/admin/implementation/batch11-issue-607-evidence/archives/full-current-attempt3-remaining-attempt2/etl-ui.log.gz
docs/admin/implementation/batch11-issue-607-evidence/archives/full-current-attempt3-remaining-attempt2/operations-output/.last-run.json.gz
docs/admin/implementation/batch11-issue-607-evidence/archives/full-current-attempt3-remaining-attempt2/operations-receipt.json.gz
docs/admin/implementation/batch11-issue-607-evidence/archives/full-current-attempt3-remaining-attempt2/operations-report.json.gz
docs/admin/implementation/batch11-issue-607-evidence/archives/full-current-attempt3-remaining-attempt2/operations.log.gz
docs/admin/implementation/batch11-issue-607-evidence/archives/full-current-attempt3-remaining-attempt2/overview-audit-output/.last-run.json.gz
docs/admin/implementation/batch11-issue-607-evidence/archives/full-current-attempt3-remaining-attempt2/overview-audit-receipt.json.gz
docs/admin/implementation/batch11-issue-607-evidence/archives/full-current-attempt3-remaining-attempt2/overview-audit-report.json.gz
docs/admin/implementation/batch11-issue-607-evidence/archives/full-current-attempt3-remaining-attempt2/overview-audit.log.gz
docs/admin/implementation/batch11-issue-607-evidence/archives/full-current-attempt3-remaining-attempt2/summary.json.gz
docs/admin/implementation/batch11-issue-607-evidence/archives/full-current-attempt3-remaining-attempt2/users-output/.last-run.json.gz
docs/admin/implementation/batch11-issue-607-evidence/archives/full-current-attempt3-remaining-attempt2/users-receipt.json.gz
docs/admin/implementation/batch11-issue-607-evidence/archives/full-current-attempt3-remaining-attempt2/users-report.json.gz
docs/admin/implementation/batch11-issue-607-evidence/archives/full-current-attempt3-remaining-attempt2/users.log.gz
docs/admin/implementation/batch11-issue-607-evidence/archives/full-current-attempt3-remaining-attempt3-capture.json.gz
docs/admin/implementation/batch11-issue-607-evidence/archives/full-current-attempt3-remaining-attempt3-capture.log.gz
docs/admin/implementation/batch11-issue-607-evidence/archives/full-current-attempt3-remaining-capture.json.gz
docs/admin/implementation/batch11-issue-607-evidence/archives/full-current-attempt3-remaining-capture.log.gz
docs/admin/implementation/batch11-issue-607-evidence/archives/full-current-attempt3-remaining/summary.json.gz
docs/admin/implementation/batch11-issue-607-evidence/archives/full-current-attempt3-remaining/users-output/.last-run.json.gz
docs/admin/implementation/batch11-issue-607-evidence/archives/full-current-attempt3-remaining/users-receipt.json.gz
docs/admin/implementation/batch11-issue-607-evidence/archives/full-current-attempt3-remaining/users-report.json.gz
docs/admin/implementation/batch11-issue-607-evidence/archives/full-current-attempt3-remaining/users.log.gz
docs/admin/implementation/batch11-issue-607-evidence/archives/full-current-attempt3/public-output/.last-run.json.gz
"docs/admin/implementation/batch11-issue-607-evidence/archives/full-current-attempt3/public-output/accessibility-A11y-smoke-counties-\342\200\224-has-exactly-one-h1-chromium/error-context.md.gz"
"docs/admin/implementation/batch11-issue-607-evidence/archives/full-current-attempt3/public-output/accessibility-A11y-smoke-counties-\342\200\224-has-exactly-one-h1-chromium/test-failed-1.png.gz"
"docs/admin/implementation/batch11-issue-607-evidence/archives/full-current-attempt3/public-output/accessibility-A11y-smoke-counties-\342\200\224-has-exactly-one-h1-chromium/trace.zip.gz"
"docs/admin/implementation/batch11-issue-607-evidence/archives/full-current-attempt3/public-output/accessibility-A11y-smoke-counties-\342\200\224-has-exactly-one-h1-chromium/video.webm.gz"
docs/admin/implementation/batch11-issue-607-evidence/archives/full-current-attempt3/public-output/county-response-validation-7188e-detail-routes-remain-usable-chromium/error-context.md.gz
docs/admin/implementation/batch11-issue-607-evidence/archives/full-current-attempt3/public-output/county-response-validation-7188e-detail-routes-remain-usable-chromium/test-failed-1.png.gz
docs/admin/implementation/batch11-issue-607-evidence/archives/full-current-attempt3/public-output/county-response-validation-7188e-detail-routes-remain-usable-chromium/trace.zip.gz
docs/admin/implementation/batch11-issue-607-evidence/archives/full-current-attempt3/public-output/county-response-validation-7188e-detail-routes-remain-usable-chromium/video.webm.gz
docs/admin/implementation/batch11-issue-607-evidence/archives/full-current-attempt3/public-output/header-hit-targets-header--4a217-e-with-fallback-fonts-plain-chromium/header-plain-1280.png.gz
docs/admin/implementation/batch11-issue-607-evidence/archives/full-current-attempt3/public-output/header-hit-targets-header--5f4b1-able-with-fallback-fonts-sw-chromium/header-sw-1280.png.gz
docs/admin/implementation/batch11-issue-607-evidence/archives/full-current-attempt3/public-output/header-hit-targets-header--7e7e3-able-with-fallback-fonts-en-chromium/header-en-1280.png.gz
docs/admin/implementation/batch11-issue-607-evidence/archives/full-current-attempt3/public-output/header-hit-targets-mobile--19cfd-their-controls-reachable-en-chromium/menu-en-320.png.gz
docs/admin/implementation/batch11-issue-607-evidence/archives/full-current-attempt3/public-output/header-hit-targets-mobile--227f1-ir-controls-reachable-plain-chromium/menu-plain-320.png.gz
docs/admin/implementation/batch11-issue-607-evidence/archives/full-current-attempt3/public-output/header-hit-targets-mobile--5b210-their-controls-reachable-sw-chromium/menu-sw-320.png.gz
docs/admin/implementation/batch11-issue-607-evidence/archives/full-current-attempt3/public-receipt.json.gz
docs/admin/implementation/batch11-issue-607-evidence/archives/full-current-attempt3/public-report.json.gz
docs/admin/implementation/batch11-issue-607-evidence/archives/full-current-attempt3/public.log.gz
docs/admin/implementation/batch11-issue-607-evidence/archives/full-current-attempt3/summary.json.gz
docs/admin/implementation/batch11-issue-607-evidence/archives/full-current-capture.json.gz
docs/admin/implementation/batch11-issue-607-evidence/archives/full-current-capture.log.gz
docs/admin/implementation/batch11-issue-607-evidence/archives/full-current/public-output/.last-run.json.gz
docs/admin/implementation/batch11-issue-607-evidence/archives/full-current/public-output/charts-Chart-Interactivity-chart-time-range-selector-works-chromium/error-context.md.gz
docs/admin/implementation/batch11-issue-607-evidence/archives/full-current/public-output/charts-Chart-Interactivity-chart-time-range-selector-works-chromium/test-failed-1.png.gz
docs/admin/implementation/batch11-issue-607-evidence/archives/full-current/public-output/charts-Chart-Interactivity-chart-time-range-selector-works-chromium/trace.zip.gz
docs/admin/implementation/batch11-issue-607-evidence/archives/full-current/public-output/charts-Chart-Interactivity-chart-time-range-selector-works-chromium/video.webm.gz
docs/admin/implementation/batch11-issue-607-evidence/archives/full-current/public-output/header-hit-targets-header--4a217-e-with-fallback-fonts-plain-chromium/header-plain-1280.png.gz
docs/admin/implementation/batch11-issue-607-evidence/archives/full-current/public-output/header-hit-targets-header--5f4b1-able-with-fallback-fonts-sw-chromium/header-sw-1280.png.gz
docs/admin/implementation/batch11-issue-607-evidence/archives/full-current/public-output/header-hit-targets-header--7e7e3-able-with-fallback-fonts-en-chromium/header-en-1280.png.gz
docs/admin/implementation/batch11-issue-607-evidence/archives/full-current/public-output/header-hit-targets-mobile--19cfd-their-controls-reachable-en-chromium/menu-en-320.png.gz
docs/admin/implementation/batch11-issue-607-evidence/archives/full-current/public-output/header-hit-targets-mobile--227f1-ir-controls-reachable-plain-chromium/menu-plain-320.png.gz
docs/admin/implementation/batch11-issue-607-evidence/archives/full-current/public-output/header-hit-targets-mobile--5b210-their-controls-reachable-sw-chromium/menu-sw-320.png.gz
docs/admin/implementation/batch11-issue-607-evidence/archives/full-current/public-receipt.json.gz
docs/admin/implementation/batch11-issue-607-evidence/archives/full-current/public-report.json.gz
docs/admin/implementation/batch11-issue-607-evidence/archives/full-current/public.log.gz
docs/admin/implementation/batch11-issue-607-evidence/archives/full-current/summary.json.gz
docs/admin/implementation/batch11-issue-607-evidence/archives/gated-events.json.gz
docs/admin/implementation/batch11-issue-607-evidence/archives/gated-original-40-attempt2-report.json.gz
docs/admin/implementation/batch11-issue-607-evidence/archives/gated-original-40-attempt2.json.gz
docs/admin/implementation/batch11-issue-607-evidence/archives/gated-original-40-attempt2.log.gz
docs/admin/implementation/batch11-issue-607-evidence/archives/gated-original-40-output/.last-run.json.gz
docs/admin/implementation/batch11-issue-607-evidence/archives/gated-original-40-report.json.gz
docs/admin/implementation/batch11-issue-607-evidence/archives/gated-original-40.json.gz
docs/admin/implementation/batch11-issue-607-evidence/archives/gated-original-40.log.gz
docs/admin/implementation/batch11-issue-607-evidence/archives/gated-source.json.gz
docs/admin/implementation/batch11-issue-607-evidence/archives/historical-source-comparison.json.gz
docs/admin/implementation/batch11-issue-607-evidence/archives/historical-trace.zip.gz.events.json.gz
docs/admin/implementation/batch11-issue-607-evidence/archives/hunk-ownership.json.gz
docs/admin/implementation/batch11-issue-607-evidence/archives/initial-render-control-restoration.json.gz
docs/admin/implementation/batch11-issue-607-evidence/archives/initial-render-launch-control-output/.last-run.json.gz
docs/admin/implementation/batch11-issue-607-evidence/archives/initial-render-launch-control-report.json.gz
docs/admin/implementation/batch11-issue-607-evidence/archives/initial-render-launch-control-source.json.gz
docs/admin/implementation/batch11-issue-607-evidence/archives/initial-render-launch-control.json.gz
docs/admin/implementation/batch11-issue-607-evidence/archives/initial-render-launch-control.log.gz
docs/admin/implementation/batch11-issue-607-evidence/archives/issue-291-dedupe.json.gz
docs/admin/implementation/batch11-issue-607-evidence/archives/issue-601-launch.json.gz
docs/admin/implementation/batch11-issue-607-evidence/archives/issue-607-launch.json.gz
docs/admin/implementation/batch11-issue-607-evidence/archives/issue-census-all-pages.json.gz
docs/admin/implementation/batch11-issue-607-evidence/archives/issue-census-filtered.json.gz
docs/admin/implementation/batch11-issue-607-evidence/archives/issue-census-refreshed-all-pages.json.gz
docs/admin/implementation/batch11-issue-607-evidence/archives/launch.json.gz
docs/admin/implementation/batch11-issue-607-evidence/archives/node22-SHASUMS256.txt.gz
docs/admin/implementation/batch11-issue-607-evidence/archives/node22-precondition-trace.zip.gz.events.json.gz
docs/admin/implementation/batch11-issue-607-evidence/archives/npm-ci.log.gz
docs/admin/implementation/batch11-issue-607-evidence/archives/original-inventory.json.gz
docs/admin/implementation/batch11-issue-607-evidence/archives/original-inventory.log.gz
docs/admin/implementation/batch11-issue-607-evidence/archives/pending-original-green-events.json.gz
docs/admin/implementation/batch11-issue-607-evidence/archives/pending-original-green-rechecked-output/.last-run.json.gz
docs/admin/implementation/batch11-issue-607-evidence/archives/pending-original-green-rechecked-report.json.gz
docs/admin/implementation/batch11-issue-607-evidence/archives/pending-original-green-rechecked.json.gz
docs/admin/implementation/batch11-issue-607-evidence/archives/pending-original-green-rechecked.log.gz
docs/admin/implementation/batch11-issue-607-evidence/archives/pending-original-green-report.json.gz
docs/admin/implementation/batch11-issue-607-evidence/archives/pending-original-green.json.gz
docs/admin/implementation/batch11-issue-607-evidence/archives/pending-original-green.log.gz
docs/admin/implementation/batch11-issue-607-evidence/archives/pending-original-red-output/.last-run.json.gz
docs/admin/implementation/batch11-issue-607-evidence/archives/pending-original-red-output/smart-back-Smart-back-link-bed2a--preserved-after-smart-back-chromium-repeat1/error-context.md.gz
docs/admin/implementation/batch11-issue-607-evidence/archives/pending-original-red-output/smart-back-Smart-back-link-bed2a--preserved-after-smart-back-chromium-repeat1/test-failed-1.png.gz
docs/admin/implementation/batch11-issue-607-evidence/archives/pending-original-red-output/smart-back-Smart-back-link-bed2a--preserved-after-smart-back-chromium-repeat1/trace.zip.gz
docs/admin/implementation/batch11-issue-607-evidence/archives/pending-original-red-output/smart-back-Smart-back-link-bed2a--preserved-after-smart-back-chromium-repeat1/video.webm.gz
docs/admin/implementation/batch11-issue-607-evidence/archives/pending-original-red-output/smart-back-Smart-back-link-bed2a--preserved-after-smart-back-chromium-repeat2/error-context.md.gz
docs/admin/implementation/batch11-issue-607-evidence/archives/pending-original-red-output/smart-back-Smart-back-link-bed2a--preserved-after-smart-back-chromium-repeat2/test-failed-1.png.gz
docs/admin/implementation/batch11-issue-607-evidence/archives/pending-original-red-output/smart-back-Smart-back-link-bed2a--preserved-after-smart-back-chromium-repeat2/trace.zip.gz
docs/admin/implementation/batch11-issue-607-evidence/archives/pending-original-red-output/smart-back-Smart-back-link-bed2a--preserved-after-smart-back-chromium-repeat2/video.webm.gz
docs/admin/implementation/batch11-issue-607-evidence/archives/pending-original-red-output/smart-back-Smart-back-link-bed2a--preserved-after-smart-back-chromium/error-context.md.gz
docs/admin/implementation/batch11-issue-607-evidence/archives/pending-original-red-output/smart-back-Smart-back-link-bed2a--preserved-after-smart-back-chromium/test-failed-1.png.gz
docs/admin/implementation/batch11-issue-607-evidence/archives/pending-original-red-output/smart-back-Smart-back-link-bed2a--preserved-after-smart-back-chromium/trace.zip.gz
docs/admin/implementation/batch11-issue-607-evidence/archives/pending-original-red-output/smart-back-Smart-back-link-bed2a--preserved-after-smart-back-chromium/video.webm.gz
docs/admin/implementation/batch11-issue-607-evidence/archives/pending-original-red-report.json.gz
docs/admin/implementation/batch11-issue-607-evidence/archives/pending-original-red.json.gz
docs/admin/implementation/batch11-issue-607-evidence/archives/pending-original-red.log.gz
docs/admin/implementation/batch11-issue-607-evidence/archives/pending-original-source.json.gz
docs/admin/implementation/batch11-issue-607-evidence/archives/pip-freeze.txt.gz
docs/admin/implementation/batch11-issue-607-evidence/archives/pip-install.log.gz
docs/admin/implementation/batch11-issue-607-evidence/archives/pr-495-dedupe.json.gz
docs/admin/implementation/batch11-issue-607-evidence/archives/prior-coordinator-fixture-preservation.json.gz
docs/admin/implementation/batch11-issue-607-evidence/archives/probe-source.json.gz
docs/admin/implementation/batch11-issue-607-evidence/archives/probe-v2-source.json.gz
docs/admin/implementation/batch11-issue-607-evidence/archives/publish-archives-v1.json.gz
docs/admin/implementation/batch11-issue-607-evidence/archives/record-v2-setup-error.json.gz
docs/admin/implementation/batch11-issue-607-evidence/archives/reproduced-invalid-report-duration.json.gz
docs/admin/implementation/batch11-issue-607-evidence/archives/reset-owned-fixture-databases-capture.json.gz
docs/admin/implementation/batch11-issue-607-evidence/archives/reset-owned-fixture-databases-capture.log.gz
docs/admin/implementation/batch11-issue-607-evidence/archives/reset-owned-fixture-databases.json.gz
docs/admin/implementation/batch11-issue-607-evidence/archives/resources-active.jsonl.gz
docs/admin/implementation/batch11-issue-607-evidence/archives/runtime-readback.json.gz
docs/admin/implementation/batch11-issue-607-evidence/archives/runtime-readback.log.gz
docs/admin/implementation/batch11-issue-607-evidence/archives/runtime.json.gz
docs/admin/implementation/batch11-issue-607-evidence/archives/semantic-controls-reproduction.json.gz
docs/admin/implementation/batch11-issue-607-evidence/archives/setup-1.json.gz
docs/admin/implementation/batch11-issue-607-evidence/archives/setup-1.log.gz
docs/admin/implementation/batch11-issue-607-evidence/archives/setup-2.json.gz
docs/admin/implementation/batch11-issue-607-evidence/archives/setup-2.log.gz
docs/admin/implementation/batch11-issue-607-evidence/archives/tested-input.diff.gz
docs/admin/implementation/batch11-issue-607-evidence/archives/verifier-controls-reproduction.json.gz
docs/admin/implementation/batch11-issue-607-evidence/archives/verifier-regression-current.json.gz
docs/admin/implementation/batch11-issue-607-evidence/archives/verifier-regression-current.log.gz
docs/admin/implementation/batch11-issue-607-evidence/archives/verifier-regression.log.gz
docs/admin/implementation/batch11-issue-607-evidence/checks/author-checks-attempt2/jest-receipt.json
docs/admin/implementation/batch11-issue-607-evidence/checks/author-checks-attempt2/jest-report.json
docs/admin/implementation/batch11-issue-607-evidence/checks/author-checks-attempt2/jest.log
docs/admin/implementation/batch11-issue-607-evidence/checks/author-checks-attempt2/lint-receipt.json
docs/admin/implementation/batch11-issue-607-evidence/checks/author-checks-attempt2/lint.log
docs/admin/implementation/batch11-issue-607-evidence/checks/author-checks-attempt2/native-receipt.json
docs/admin/implementation/batch11-issue-607-evidence/checks/author-checks-attempt2/native.log
docs/admin/implementation/batch11-issue-607-evidence/checks/author-checks-attempt2/summary.json
docs/admin/implementation/batch11-issue-607-evidence/checks/author-checks-attempt2/typescript-receipt.json
docs/admin/implementation/batch11-issue-607-evidence/checks/author-checks-attempt2/typescript.log
docs/admin/implementation/batch11-issue-607-evidence/checks/author-checks/jest-receipt.json
docs/admin/implementation/batch11-issue-607-evidence/checks/author-checks/jest-report.json
docs/admin/implementation/batch11-issue-607-evidence/checks/author-checks/jest.log
docs/admin/implementation/batch11-issue-607-evidence/checks/author-checks/lint-receipt.json
docs/admin/implementation/batch11-issue-607-evidence/checks/author-checks/lint.log
docs/admin/implementation/batch11-issue-607-evidence/checks/author-checks/native-receipt.json
docs/admin/implementation/batch11-issue-607-evidence/checks/author-checks/native.log
docs/admin/implementation/batch11-issue-607-evidence/checks/author-checks/summary.json
docs/admin/implementation/batch11-issue-607-evidence/checks/author-checks/typescript-receipt.json
docs/admin/implementation/batch11-issue-607-evidence/checks/author-checks/typescript.log
docs/admin/implementation/batch11-issue-607-evidence/packet-v1.json
docs/admin/implementation/batch11-issue-607-evidence/reviews/review-adversarial/COMMIT_ARTIFACTS_V1.json
docs/admin/implementation/batch11-issue-607-evidence/reviews/review-adversarial/COMMIT_ARTIFACTS_V2.json
docs/admin/implementation/batch11-issue-607-evidence/reviews/review-adversarial/HELPER_REVIEW_V1.md
docs/admin/implementation/batch11-issue-607-evidence/reviews/review-adversarial/HELPER_REVIEW_V2.md
docs/admin/implementation/batch11-issue-607-evidence/reviews/review-adversarial/attack-v1-20261010T095356/results.json
docs/admin/implementation/batch11-issue-607-evidence/reviews/review-adversarial/attack-v1-20261010T095356/source-inventory.json.gz
docs/admin/implementation/batch11-issue-607-evidence/reviews/review-adversarial/attack-v2-20261010T095711/results.json
docs/admin/implementation/batch11-issue-607-evidence/reviews/review-adversarial/attack-v2-20261010T095711/source-inventory.json.gz
docs/admin/implementation/batch11-issue-607-evidence/reviews/review-adversarial/attack-v3-20261010T095920/results.json
docs/admin/implementation/batch11-issue-607-evidence/reviews/review-adversarial/attack-v3-20261010T095920/source-inventory.json.gz
docs/admin/implementation/batch11-issue-607-evidence/reviews/review-adversarial/attack-v4-20261010T100704/results.json
docs/admin/implementation/batch11-issue-607-evidence/reviews/review-adversarial/attack-v4-20261010T100704/source-inventory.json.gz
docs/admin/implementation/batch11-issue-607-evidence/reviews/review-adversarial/attack-v5-20261010T101222/results.json
docs/admin/implementation/batch11-issue-607-evidence/reviews/review-adversarial/attack-v5-20261010T101222/source-inventory.json.gz
docs/admin/implementation/batch11-issue-607-evidence/reviews/review-adversarial/attack-v6-20261010T105228/results.json
docs/admin/implementation/batch11-issue-607-evidence/reviews/review-adversarial/attack-v6-20261010T105228/source-inventory.json.gz
docs/admin/implementation/batch11-issue-607-evidence/reviews/review-adversarial/cache-v1-20261010T101125/help.stderr.log
docs/admin/implementation/batch11-issue-607-evidence/reviews/review-adversarial/cache-v1-20261010T101125/help.stdout.log
docs/admin/implementation/batch11-issue-607-evidence/reviews/review-adversarial/cache-v1-20261010T101125/results.json
docs/admin/implementation/batch11-issue-607-evidence/reviews/review-adversarial/cache-v1.stderr.log
docs/admin/implementation/batch11-issue-607-evidence/reviews/review-adversarial/cache-v1.stdout.log
docs/admin/implementation/batch11-issue-607-evidence/reviews/review-adversarial/cache-v2-20261010T101223/help.stderr.log
docs/admin/implementation/batch11-issue-607-evidence/reviews/review-adversarial/cache-v2-20261010T101223/help.stdout.log
docs/admin/implementation/batch11-issue-607-evidence/reviews/review-adversarial/cache-v2-20261010T101223/results.json
docs/admin/implementation/batch11-issue-607-evidence/reviews/review-adversarial/cache-v2.stderr.log
docs/admin/implementation/batch11-issue-607-evidence/reviews/review-adversarial/cache-v2.stdout.log
docs/admin/implementation/batch11-issue-607-evidence/reviews/review-adversarial/commit-list-v2-setup-error.json
docs/admin/implementation/batch11-issue-607-evidence/reviews/review-adversarial/guards-v1-20261010T095603/outputs/run-01-valid-control/console.log
docs/admin/implementation/batch11-issue-607-evidence/reviews/review-adversarial/guards-v1-20261010T095603/outputs/run-01-valid-control/receipt.json
docs/admin/implementation/batch11-issue-607-evidence/reviews/review-adversarial/guards-v1-20261010T095603/outputs/run-01-valid-control/report.json
docs/admin/implementation/batch11-issue-607-evidence/reviews/review-adversarial/guards-v1-20261010T095603/outputs/run-17-running-bool-string/console.log
docs/admin/implementation/batch11-issue-607-evidence/reviews/review-adversarial/guards-v1-20261010T095603/outputs/run-17-running-bool-string/receipt.json
docs/admin/implementation/batch11-issue-607-evidence/reviews/review-adversarial/guards-v1-20261010T095603/outputs/run-17-running-bool-string/report.json
docs/admin/implementation/batch11-issue-607-evidence/reviews/review-adversarial/guards-v1-20261010T095603/outputs/run-22-child-nonzero/console.log
docs/admin/implementation/batch11-issue-607-evidence/reviews/review-adversarial/guards-v1-20261010T095603/outputs/run-22-child-nonzero/receipt.json
docs/admin/implementation/batch11-issue-607-evidence/reviews/review-adversarial/guards-v1-20261010T095603/outputs/run-22-child-nonzero/report.json
docs/admin/implementation/batch11-issue-607-evidence/reviews/review-adversarial/guards-v1-20261010T095603/outputs/run-23-child-bool/console.log
docs/admin/implementation/batch11-issue-607-evidence/reviews/review-adversarial/guards-v1-20261010T095603/outputs/run-23-child-bool/receipt.json
docs/admin/implementation/batch11-issue-607-evidence/reviews/review-adversarial/guards-v1-20261010T095603/outputs/run-23-child-bool/report.json
docs/admin/implementation/batch11-issue-607-evidence/reviews/review-adversarial/guards-v1-20261010T095603/outputs/run-24-missing-report/console.log
docs/admin/implementation/batch11-issue-607-evidence/reviews/review-adversarial/guards-v1-20261010T095603/outputs/run-24-missing-report/receipt.json
docs/admin/implementation/batch11-issue-607-evidence/reviews/review-adversarial/guards-v1-20261010T095603/outputs/run-25-empty-report/console.log
docs/admin/implementation/batch11-issue-607-evidence/reviews/review-adversarial/guards-v1-20261010T095603/outputs/run-25-empty-report/receipt.json
docs/admin/implementation/batch11-issue-607-evidence/reviews/review-adversarial/guards-v1-20261010T095603/outputs/run-25-empty-report/report.json
docs/admin/implementation/batch11-issue-607-evidence/reviews/review-adversarial/guards-v1-20261010T095603/outputs/run-26-hidden-report-errors/console.log
docs/admin/implementation/batch11-issue-607-evidence/reviews/review-adversarial/guards-v1-20261010T095603/outputs/run-26-hidden-report-errors/receipt.json
docs/admin/implementation/batch11-issue-607-evidence/reviews/review-adversarial/guards-v1-20261010T095603/outputs/run-26-hidden-report-errors/report.json
docs/admin/implementation/batch11-issue-607-evidence/reviews/review-adversarial/guards-v1-20261010T095603/outputs/run-27-retried-report/console.log
docs/admin/implementation/batch11-issue-607-evidence/reviews/review-adversarial/guards-v1-20261010T095603/outputs/run-27-retried-report/receipt.json
docs/admin/implementation/batch11-issue-607-evidence/reviews/review-adversarial/guards-v1-20261010T095603/outputs/run-27-retried-report/report.json
docs/admin/implementation/batch11-issue-607-evidence/reviews/review-adversarial/guards-v1-20261010T095603/outputs/run-28-bool-report-counter/console.log
docs/admin/implementation/batch11-issue-607-evidence/reviews/review-adversarial/guards-v1-20261010T095603/outputs/run-28-bool-report-counter/receipt.json
docs/admin/implementation/batch11-issue-607-evidence/reviews/review-adversarial/guards-v1-20261010T095603/outputs/run-28-bool-report-counter/report.json
docs/admin/implementation/batch11-issue-607-evidence/reviews/review-adversarial/guards-v1-20261010T095603/outputs/run-29-bool-report-duration/console.log
docs/admin/implementation/batch11-issue-607-evidence/reviews/review-adversarial/guards-v1-20261010T095603/outputs/run-29-bool-report-duration/receipt.json
docs/admin/implementation/batch11-issue-607-evidence/reviews/review-adversarial/guards-v1-20261010T095603/outputs/run-29-bool-report-duration/report.json
docs/admin/implementation/batch11-issue-607-evidence/reviews/review-adversarial/guards-v1-20261010T095603/outputs/run-30-duplicate-report-case/console.log
docs/admin/implementation/batch11-issue-607-evidence/reviews/review-adversarial/guards-v1-20261010T095603/outputs/run-30-duplicate-report-case/receipt.json
docs/admin/implementation/batch11-issue-607-evidence/reviews/review-adversarial/guards-v1-20261010T095603/outputs/run-30-duplicate-report-case/report.json
docs/admin/implementation/batch11-issue-607-evidence/reviews/review-adversarial/guards-v1-20261010T095603/outputs/run-31-missing-report-case/console.log
docs/admin/implementation/batch11-issue-607-evidence/reviews/review-adversarial/guards-v1-20261010T095603/outputs/run-31-missing-report-case/receipt.json
docs/admin/implementation/batch11-issue-607-evidence/reviews/review-adversarial/guards-v1-20261010T095603/outputs/run-31-missing-report-case/report.json
docs/admin/implementation/batch11-issue-607-evidence/reviews/review-adversarial/guards-v1-20261010T095603/outputs/run-32-source-drift/console.log
docs/admin/implementation/batch11-issue-607-evidence/reviews/review-adversarial/guards-v1-20261010T095603/outputs/run-32-source-drift/receipt.json
docs/admin/implementation/batch11-issue-607-evidence/reviews/review-adversarial/guards-v1-20261010T095603/outputs/run-32-source-drift/report.json
docs/admin/implementation/batch11-issue-607-evidence/reviews/review-adversarial/guards-v1-20261010T095603/results.json
docs/admin/implementation/batch11-issue-607-evidence/reviews/review-adversarial/guards-v1.stderr.log
docs/admin/implementation/batch11-issue-607-evidence/reviews/review-adversarial/guards-v1.stdout.log
docs/admin/implementation/batch11-issue-607-evidence/reviews/review-adversarial/guards-v2-20261010T095921/outputs/run-01-valid-control/console.log
docs/admin/implementation/batch11-issue-607-evidence/reviews/review-adversarial/guards-v2-20261010T095921/outputs/run-01-valid-control/receipt.json
docs/admin/implementation/batch11-issue-607-evidence/reviews/review-adversarial/guards-v2-20261010T095921/outputs/run-01-valid-control/report.json
docs/admin/implementation/batch11-issue-607-evidence/reviews/review-adversarial/guards-v2-20261010T095921/outputs/run-22-child-nonzero/console.log
docs/admin/implementation/batch11-issue-607-evidence/reviews/review-adversarial/guards-v2-20261010T095921/outputs/run-22-child-nonzero/receipt.json
docs/admin/implementation/batch11-issue-607-evidence/reviews/review-adversarial/guards-v2-20261010T095921/outputs/run-22-child-nonzero/report.json
docs/admin/implementation/batch11-issue-607-evidence/reviews/review-adversarial/guards-v2-20261010T095921/outputs/run-23-child-bool/console.log
docs/admin/implementation/batch11-issue-607-evidence/reviews/review-adversarial/guards-v2-20261010T095921/outputs/run-23-child-bool/receipt.json
docs/admin/implementation/batch11-issue-607-evidence/reviews/review-adversarial/guards-v2-20261010T095921/outputs/run-23-child-bool/report.json
docs/admin/implementation/batch11-issue-607-evidence/reviews/review-adversarial/guards-v2-20261010T095921/outputs/run-24-missing-report/console.log
docs/admin/implementation/batch11-issue-607-evidence/reviews/review-adversarial/guards-v2-20261010T095921/outputs/run-24-missing-report/receipt.json
docs/admin/implementation/batch11-issue-607-evidence/reviews/review-adversarial/guards-v2-20261010T095921/outputs/run-25-empty-report/console.log
docs/admin/implementation/batch11-issue-607-evidence/reviews/review-adversarial/guards-v2-20261010T095921/outputs/run-25-empty-report/receipt.json
docs/admin/implementation/batch11-issue-607-evidence/reviews/review-adversarial/guards-v2-20261010T095921/outputs/run-25-empty-report/report.json
docs/admin/implementation/batch11-issue-607-evidence/reviews/review-adversarial/guards-v2-20261010T095921/outputs/run-26-hidden-report-errors/console.log
docs/admin/implementation/batch11-issue-607-evidence/reviews/review-adversarial/guards-v2-20261010T095921/outputs/run-26-hidden-report-errors/receipt.json
docs/admin/implementation/batch11-issue-607-evidence/reviews/review-adversarial/guards-v2-20261010T095921/outputs/run-26-hidden-report-errors/report.json
docs/admin/implementation/batch11-issue-607-evidence/reviews/review-adversarial/guards-v2-20261010T095921/outputs/run-27-retried-report/console.log
docs/admin/implementation/batch11-issue-607-evidence/reviews/review-adversarial/guards-v2-20261010T095921/outputs/run-27-retried-report/receipt.json
docs/admin/implementation/batch11-issue-607-evidence/reviews/review-adversarial/guards-v2-20261010T095921/outputs/run-27-retried-report/report.json
docs/admin/implementation/batch11-issue-607-evidence/reviews/review-adversarial/guards-v2-20261010T095921/outputs/run-28-bool-report-counter/console.log
docs/admin/implementation/batch11-issue-607-evidence/reviews/review-adversarial/guards-v2-20261010T095921/outputs/run-28-bool-report-counter/receipt.json
docs/admin/implementation/batch11-issue-607-evidence/reviews/review-adversarial/guards-v2-20261010T095921/outputs/run-28-bool-report-counter/report.json
docs/admin/implementation/batch11-issue-607-evidence/reviews/review-adversarial/guards-v2-20261010T095921/outputs/run-29-bool-report-duration/console.log
docs/admin/implementation/batch11-issue-607-evidence/reviews/review-adversarial/guards-v2-20261010T095921/outputs/run-29-bool-report-duration/receipt.json
docs/admin/implementation/batch11-issue-607-evidence/reviews/review-adversarial/guards-v2-20261010T095921/outputs/run-29-bool-report-duration/report.json
docs/admin/implementation/batch11-issue-607-evidence/reviews/review-adversarial/guards-v2-20261010T095921/outputs/run-30-duplicate-report-case/console.log
docs/admin/implementation/batch11-issue-607-evidence/reviews/review-adversarial/guards-v2-20261010T095921/outputs/run-30-duplicate-report-case/receipt.json
docs/admin/implementation/batch11-issue-607-evidence/reviews/review-adversarial/guards-v2-20261010T095921/outputs/run-30-duplicate-report-case/report.json
docs/admin/implementation/batch11-issue-607-evidence/reviews/review-adversarial/guards-v2-20261010T095921/outputs/run-31-missing-report-case/console.log
docs/admin/implementation/batch11-issue-607-evidence/reviews/review-adversarial/guards-v2-20261010T095921/outputs/run-31-missing-report-case/receipt.json
docs/admin/implementation/batch11-issue-607-evidence/reviews/review-adversarial/guards-v2-20261010T095921/outputs/run-31-missing-report-case/report.json
docs/admin/implementation/batch11-issue-607-evidence/reviews/review-adversarial/guards-v2-20261010T095921/outputs/run-32-source-drift/console.log
docs/admin/implementation/batch11-issue-607-evidence/reviews/review-adversarial/guards-v2-20261010T095921/outputs/run-32-source-drift/receipt.json
docs/admin/implementation/batch11-issue-607-evidence/reviews/review-adversarial/guards-v2-20261010T095921/outputs/run-32-source-drift/report.json
docs/admin/implementation/batch11-issue-607-evidence/reviews/review-adversarial/guards-v2-20261010T095921/results.json
docs/admin/implementation/batch11-issue-607-evidence/reviews/review-adversarial/guards-v2.stderr.log
docs/admin/implementation/batch11-issue-607-evidence/reviews/review-adversarial/guards-v2.stdout.log
docs/admin/implementation/batch11-issue-607-evidence/reviews/review-adversarial/guards-v3-20261010T101223/outputs/run-01-valid-control/console.log
docs/admin/implementation/batch11-issue-607-evidence/reviews/review-adversarial/guards-v3-20261010T101223/outputs/run-01-valid-control/receipt.json
docs/admin/implementation/batch11-issue-607-evidence/reviews/review-adversarial/guards-v3-20261010T101223/outputs/run-01-valid-control/report.json
docs/admin/implementation/batch11-issue-607-evidence/reviews/review-adversarial/guards-v3-20261010T101223/outputs/run-22-child-nonzero/console.log
docs/admin/implementation/batch11-issue-607-evidence/reviews/review-adversarial/guards-v3-20261010T101223/outputs/run-22-child-nonzero/receipt.json
docs/admin/implementation/batch11-issue-607-evidence/reviews/review-adversarial/guards-v3-20261010T101223/outputs/run-22-child-nonzero/report.json
docs/admin/implementation/batch11-issue-607-evidence/reviews/review-adversarial/guards-v3-20261010T101223/outputs/run-23-child-bool/console.log
docs/admin/implementation/batch11-issue-607-evidence/reviews/review-adversarial/guards-v3-20261010T101223/outputs/run-23-child-bool/receipt.json
docs/admin/implementation/batch11-issue-607-evidence/reviews/review-adversarial/guards-v3-20261010T101223/outputs/run-23-child-bool/report.json
docs/admin/implementation/batch11-issue-607-evidence/reviews/review-adversarial/guards-v3-20261010T101223/outputs/run-24-missing-report/console.log
docs/admin/implementation/batch11-issue-607-evidence/reviews/review-adversarial/guards-v3-20261010T101223/outputs/run-24-missing-report/receipt.json
docs/admin/implementation/batch11-issue-607-evidence/reviews/review-adversarial/guards-v3-20261010T101223/outputs/run-25-empty-report/console.log
docs/admin/implementation/batch11-issue-607-evidence/reviews/review-adversarial/guards-v3-20261010T101223/outputs/run-25-empty-report/receipt.json
docs/admin/implementation/batch11-issue-607-evidence/reviews/review-adversarial/guards-v3-20261010T101223/outputs/run-25-empty-report/report.json
docs/admin/implementation/batch11-issue-607-evidence/reviews/review-adversarial/guards-v3-20261010T101223/outputs/run-26-hidden-report-errors/console.log
docs/admin/implementation/batch11-issue-607-evidence/reviews/review-adversarial/guards-v3-20261010T101223/outputs/run-26-hidden-report-errors/receipt.json
docs/admin/implementation/batch11-issue-607-evidence/reviews/review-adversarial/guards-v3-20261010T101223/outputs/run-26-hidden-report-errors/report.json
docs/admin/implementation/batch11-issue-607-evidence/reviews/review-adversarial/guards-v3-20261010T101223/outputs/run-27-retried-report/console.log
docs/admin/implementation/batch11-issue-607-evidence/reviews/review-adversarial/guards-v3-20261010T101223/outputs/run-27-retried-report/receipt.json
docs/admin/implementation/batch11-issue-607-evidence/reviews/review-adversarial/guards-v3-20261010T101223/outputs/run-27-retried-report/report.json
docs/admin/implementation/batch11-issue-607-evidence/reviews/review-adversarial/guards-v3-20261010T101223/outputs/run-28-bool-report-counter/console.log
docs/admin/implementation/batch11-issue-607-evidence/reviews/review-adversarial/guards-v3-20261010T101223/outputs/run-28-bool-report-counter/receipt.json
docs/admin/implementation/batch11-issue-607-evidence/reviews/review-adversarial/guards-v3-20261010T101223/outputs/run-28-bool-report-counter/report.json
docs/admin/implementation/batch11-issue-607-evidence/reviews/review-adversarial/guards-v3-20261010T101223/outputs/run-29-bool-report-duration/console.log
docs/admin/implementation/batch11-issue-607-evidence/reviews/review-adversarial/guards-v3-20261010T101223/outputs/run-29-bool-report-duration/receipt.json
docs/admin/implementation/batch11-issue-607-evidence/reviews/review-adversarial/guards-v3-20261010T101223/outputs/run-29-bool-report-duration/report.json
docs/admin/implementation/batch11-issue-607-evidence/reviews/review-adversarial/guards-v3-20261010T101223/outputs/run-30-duplicate-report-case/console.log
docs/admin/implementation/batch11-issue-607-evidence/reviews/review-adversarial/guards-v3-20261010T101223/outputs/run-30-duplicate-report-case/receipt.json
docs/admin/implementation/batch11-issue-607-evidence/reviews/review-adversarial/guards-v3-20261010T101223/outputs/run-30-duplicate-report-case/report.json
docs/admin/implementation/batch11-issue-607-evidence/reviews/review-adversarial/guards-v3-20261010T101223/outputs/run-31-missing-report-case/console.log
docs/admin/implementation/batch11-issue-607-evidence/reviews/review-adversarial/guards-v3-20261010T101223/outputs/run-31-missing-report-case/receipt.json
docs/admin/implementation/batch11-issue-607-evidence/reviews/review-adversarial/guards-v3-20261010T101223/outputs/run-31-missing-report-case/report.json
docs/admin/implementation/batch11-issue-607-evidence/reviews/review-adversarial/guards-v3-20261010T101223/outputs/run-32-source-drift/console.log
docs/admin/implementation/batch11-issue-607-evidence/reviews/review-adversarial/guards-v3-20261010T101223/outputs/run-32-source-drift/receipt.json
docs/admin/implementation/batch11-issue-607-evidence/reviews/review-adversarial/guards-v3-20261010T101223/outputs/run-32-source-drift/report.json
docs/admin/implementation/batch11-issue-607-evidence/reviews/review-adversarial/guards-v3-20261010T101223/results.json
docs/admin/implementation/batch11-issue-607-evidence/reviews/review-adversarial/guards-v3.stderr.log
docs/admin/implementation/batch11-issue-607-evidence/reviews/review-adversarial/guards-v3.stdout.log
docs/admin/implementation/batch11-issue-607-evidence/reviews/review-adversarial/guards-v4-20261010T105228/outputs/run-01-valid-control/console.log
docs/admin/implementation/batch11-issue-607-evidence/reviews/review-adversarial/guards-v4-20261010T105228/outputs/run-01-valid-control/receipt.json
docs/admin/implementation/batch11-issue-607-evidence/reviews/review-adversarial/guards-v4-20261010T105228/outputs/run-01-valid-control/report.json
docs/admin/implementation/batch11-issue-607-evidence/reviews/review-adversarial/guards-v4-20261010T105228/outputs/run-22-child-nonzero/console.log
docs/admin/implementation/batch11-issue-607-evidence/reviews/review-adversarial/guards-v4-20261010T105228/outputs/run-22-child-nonzero/receipt.json
docs/admin/implementation/batch11-issue-607-evidence/reviews/review-adversarial/guards-v4-20261010T105228/outputs/run-22-child-nonzero/report.json
docs/admin/implementation/batch11-issue-607-evidence/reviews/review-adversarial/guards-v4-20261010T105228/outputs/run-23-child-bool/console.log
docs/admin/implementation/batch11-issue-607-evidence/reviews/review-adversarial/guards-v4-20261010T105228/outputs/run-23-child-bool/receipt.json
docs/admin/implementation/batch11-issue-607-evidence/reviews/review-adversarial/guards-v4-20261010T105228/outputs/run-23-child-bool/report.json
docs/admin/implementation/batch11-issue-607-evidence/reviews/review-adversarial/guards-v4-20261010T105228/outputs/run-24-missing-report/console.log
docs/admin/implementation/batch11-issue-607-evidence/reviews/review-adversarial/guards-v4-20261010T105228/outputs/run-24-missing-report/receipt.json
docs/admin/implementation/batch11-issue-607-evidence/reviews/review-adversarial/guards-v4-20261010T105228/outputs/run-25-empty-report/console.log
docs/admin/implementation/batch11-issue-607-evidence/reviews/review-adversarial/guards-v4-20261010T105228/outputs/run-25-empty-report/receipt.json
docs/admin/implementation/batch11-issue-607-evidence/reviews/review-adversarial/guards-v4-20261010T105228/outputs/run-25-empty-report/report.json
docs/admin/implementation/batch11-issue-607-evidence/reviews/review-adversarial/guards-v4-20261010T105228/outputs/run-26-hidden-report-errors/console.log
docs/admin/implementation/batch11-issue-607-evidence/reviews/review-adversarial/guards-v4-20261010T105228/outputs/run-26-hidden-report-errors/receipt.json
docs/admin/implementation/batch11-issue-607-evidence/reviews/review-adversarial/guards-v4-20261010T105228/outputs/run-26-hidden-report-errors/report.json
docs/admin/implementation/batch11-issue-607-evidence/reviews/review-adversarial/guards-v4-20261010T105228/outputs/run-27-retried-report/console.log
docs/admin/implementation/batch11-issue-607-evidence/reviews/review-adversarial/guards-v4-20261010T105228/outputs/run-27-retried-report/receipt.json
docs/admin/implementation/batch11-issue-607-evidence/reviews/review-adversarial/guards-v4-20261010T105228/outputs/run-27-retried-report/report.json
docs/admin/implementation/batch11-issue-607-evidence/reviews/review-adversarial/guards-v4-20261010T105228/outputs/run-28-bool-report-counter/console.log
docs/admin/implementation/batch11-issue-607-evidence/reviews/review-adversarial/guards-v4-20261010T105228/outputs/run-28-bool-report-counter/receipt.json
docs/admin/implementation/batch11-issue-607-evidence/reviews/review-adversarial/guards-v4-20261010T105228/outputs/run-28-bool-report-counter/report.json
docs/admin/implementation/batch11-issue-607-evidence/reviews/review-adversarial/guards-v4-20261010T105228/outputs/run-29-bool-report-duration/console.log
docs/admin/implementation/batch11-issue-607-evidence/reviews/review-adversarial/guards-v4-20261010T105228/outputs/run-29-bool-report-duration/receipt.json
docs/admin/implementation/batch11-issue-607-evidence/reviews/review-adversarial/guards-v4-20261010T105228/outputs/run-29-bool-report-duration/report.json
docs/admin/implementation/batch11-issue-607-evidence/reviews/review-adversarial/guards-v4-20261010T105228/outputs/run-30-duplicate-report-case/console.log
docs/admin/implementation/batch11-issue-607-evidence/reviews/review-adversarial/guards-v4-20261010T105228/outputs/run-30-duplicate-report-case/receipt.json
docs/admin/implementation/batch11-issue-607-evidence/reviews/review-adversarial/guards-v4-20261010T105228/outputs/run-30-duplicate-report-case/report.json
docs/admin/implementation/batch11-issue-607-evidence/reviews/review-adversarial/guards-v4-20261010T105228/outputs/run-31-missing-report-case/console.log
docs/admin/implementation/batch11-issue-607-evidence/reviews/review-adversarial/guards-v4-20261010T105228/outputs/run-31-missing-report-case/receipt.json
docs/admin/implementation/batch11-issue-607-evidence/reviews/review-adversarial/guards-v4-20261010T105228/outputs/run-31-missing-report-case/report.json
docs/admin/implementation/batch11-issue-607-evidence/reviews/review-adversarial/guards-v4-20261010T105228/outputs/run-32-source-drift/console.log
docs/admin/implementation/batch11-issue-607-evidence/reviews/review-adversarial/guards-v4-20261010T105228/outputs/run-32-source-drift/receipt.json
docs/admin/implementation/batch11-issue-607-evidence/reviews/review-adversarial/guards-v4-20261010T105228/outputs/run-32-source-drift/report.json
docs/admin/implementation/batch11-issue-607-evidence/reviews/review-adversarial/guards-v4-20261010T105228/results.json
docs/admin/implementation/batch11-issue-607-evidence/reviews/review-adversarial/guards-v4.stderr.log
docs/admin/implementation/batch11-issue-607-evidence/reviews/review-adversarial/guards-v4.stdout.log
docs/admin/implementation/batch11-issue-607-evidence/reviews/review-adversarial/hostile-v1.stderr.log
docs/admin/implementation/batch11-issue-607-evidence/reviews/review-adversarial/hostile-v1.stdout.log
docs/admin/implementation/batch11-issue-607-evidence/reviews/review-adversarial/hostile-v2.stderr.log
docs/admin/implementation/batch11-issue-607-evidence/reviews/review-adversarial/hostile-v2.stdout.log
docs/admin/implementation/batch11-issue-607-evidence/reviews/review-adversarial/hostile-v3.stderr.log
docs/admin/implementation/batch11-issue-607-evidence/reviews/review-adversarial/hostile-v3.stdout.log
docs/admin/implementation/batch11-issue-607-evidence/reviews/review-adversarial/hostile-v4.stderr.log
docs/admin/implementation/batch11-issue-607-evidence/reviews/review-adversarial/hostile-v4.stdout.log
docs/admin/implementation/batch11-issue-607-evidence/reviews/review-adversarial/hostile-v5.stderr.log
docs/admin/implementation/batch11-issue-607-evidence/reviews/review-adversarial/hostile-v5.stdout.log
docs/admin/implementation/batch11-issue-607-evidence/reviews/review-adversarial/hostile-v6.stderr.log
docs/admin/implementation/batch11-issue-607-evidence/reviews/review-adversarial/hostile-v6.stdout.log
docs/admin/implementation/batch11-issue-607-evidence/reviews/review-adversarial/replay-46175fd698f5d55bb74eefbbbe0d167bb1c7c1f371dcf0df49c7d6f9a85bbe82.py
docs/admin/implementation/batch11-issue-607-evidence/reviews/review-adversarial/replay-5aaccb018d10cb316da2c67edba03e95e8c15c1ebf0cfe27ad2e8057d8af7133.py
docs/admin/implementation/batch11-issue-607-evidence/reviews/review-adversarial/replay-be16b7b91f6578457b2fec44295c8d6ed77286adba2d1d5bf09315d3755e3f95.py
docs/admin/implementation/batch11-issue-607-evidence/reviews/review-adversarial/review-executions-v1.json
docs/admin/implementation/batch11-issue-607-evidence/reviews/review-adversarial/review-executions-v2.json
docs/admin/implementation/batch11-issue-607-evidence/reviews/review-adversarial/review-executions-v3.json
docs/admin/implementation/batch11-issue-607-evidence/reviews/review-adversarial/review-executions-v4.json
docs/admin/implementation/batch11-issue-607-evidence/reviews/review-adversarial/run_cache_control_v1.py
docs/admin/implementation/batch11-issue-607-evidence/reviews/review-adversarial/run_cache_control_v2.py
docs/admin/implementation/batch11-issue-607-evidence/reviews/review-adversarial/run_final_packet_v1.py
docs/admin/implementation/batch11-issue-607-evidence/reviews/review-adversarial/run_final_packet_v2.py
docs/admin/implementation/batch11-issue-607-evidence/reviews/review-adversarial/run_guards_v1.py
docs/admin/implementation/batch11-issue-607-evidence/reviews/review-adversarial/run_guards_v2.py
docs/admin/implementation/batch11-issue-607-evidence/reviews/review-adversarial/run_guards_v3.py
docs/admin/implementation/batch11-issue-607-evidence/reviews/review-adversarial/run_guards_v4.py
docs/admin/implementation/batch11-issue-607-evidence/reviews/review-adversarial/run_hostile_v1.py
docs/admin/implementation/batch11-issue-607-evidence/reviews/review-adversarial/run_hostile_v2.py
docs/admin/implementation/batch11-issue-607-evidence/reviews/review-adversarial/run_hostile_v3.py
docs/admin/implementation/batch11-issue-607-evidence/reviews/review-adversarial/run_hostile_v4.py
docs/admin/implementation/batch11-issue-607-evidence/reviews/review-adversarial/run_hostile_v5.py
docs/admin/implementation/batch11-issue-607-evidence/reviews/review-adversarial/run_hostile_v6.py
docs/admin/implementation/batch11-issue-607-evidence/reviews/review-adversarial/run_substitution_v1.py
docs/admin/implementation/batch11-issue-607-evidence/reviews/review-adversarial/substitution-v1-20261010T100106/results.json
docs/admin/implementation/batch11-issue-607-evidence/reviews/review-adversarial/substitution-v1.stderr.log
docs/admin/implementation/batch11-issue-607-evidence/reviews/review-adversarial/substitution-v1.stdout.log
docs/admin/implementation/batch11-issue-607-evidence/reviews/review-adversarial/verify_packet-13af0a0087e632bd88f622990cdaea4519d5a8607bdce719d7f22eab35511ef7.py
docs/admin/implementation/batch11-issue-607-evidence/reviews/review-adversarial/verify_packet-34fb310503e51b0051e902dc929fd76b67c5714e31a92b0a693df0b7dbf65710.py
docs/admin/implementation/batch11-issue-607-evidence/reviews/review-adversarial/verify_packet-5731fc916703935a8ba49c28663cb29a7ae2749d6bdeed2985df6e2f58e50825.py
docs/admin/implementation/batch11-issue-607-evidence/reviews/review-adversarial/verify_packet-b9b4208a3b140fafe4425e2d736c07fd46e68ff5944d9597bdb6474c24f8391d.py
docs/admin/implementation/batch11-issue-607-evidence/reviews/review-adversarial/verify_packet-d6e821070089e0149585331febb4a89358a95fc9a1d18224b44c27370b0a794e.py
docs/admin/implementation/batch11-issue-607-evidence/reviews/review-adversarial/verify_packet-e689f6bd530d8e14620538238ceb25be1e9679023367d421125b1c28fafea177.py
docs/admin/implementation/batch11-issue-607-evidence/reviews/review-adversarial/verify_packet-f15582d811f4374a459555e67f03abf0044b818eb02e6f5a92a85e2c3947dbc6.py
docs/admin/implementation/batch11-issue-607-evidence/reviews/review-spec/additional-source-controls.json
docs/admin/implementation/batch11-issue-607-evidence/reviews/review-spec/check_current_failures.py
docs/admin/implementation/batch11-issue-607-evidence/reviews/review-spec/check_raw.py
docs/admin/implementation/batch11-issue-607-evidence/reviews/review-spec/check_raw_v2.py
docs/admin/implementation/batch11-issue-607-evidence/reviews/review-spec/create_unit_detectors.py
docs/admin/implementation/batch11-issue-607-evidence/reviews/review-spec/current-failure-controls-execution.json
docs/admin/implementation/batch11-issue-607-evidence/reviews/review-spec/current-failure-controls.log
docs/admin/implementation/batch11-issue-607-evidence/reviews/review-spec/current-public-failure-controls.json
docs/admin/implementation/batch11-issue-607-evidence/reviews/review-spec/driver-v2-preflight.json
docs/admin/implementation/batch11-issue-607-evidence/reviews/review-spec/final_verify_driver.py
docs/admin/implementation/batch11-issue-607-evidence/reviews/review-spec/initial-0.txt
docs/admin/implementation/batch11-issue-607-evidence/reviews/review-spec/initial-1.txt
docs/admin/implementation/batch11-issue-607-evidence/reviews/review-spec/initial-2.txt
docs/admin/implementation/batch11-issue-607-evidence/reviews/review-spec/initial-3.txt
docs/admin/implementation/batch11-issue-607-evidence/reviews/review-spec/initial-4.txt
docs/admin/implementation/batch11-issue-607-evidence/reviews/review-spec/initial-5.txt
docs/admin/implementation/batch11-issue-607-evidence/reviews/review-spec/initial-commands.json
docs/admin/implementation/batch11-issue-607-evidence/reviews/review-spec/preserve-history-execution.json
docs/admin/implementation/batch11-issue-607-evidence/reviews/review-spec/preserve-history.log
docs/admin/implementation/batch11-issue-607-evidence/reviews/review-spec/preserve_history.py
docs/admin/implementation/batch11-issue-607-evidence/reviews/review-spec/preserved-history.json
docs/admin/implementation/batch11-issue-607-evidence/reviews/review-spec/raw-controls-execution.json
docs/admin/implementation/batch11-issue-607-evidence/reviews/review-spec/raw-controls-v2-execution.json
docs/admin/implementation/batch11-issue-607-evidence/reviews/review-spec/raw-controls-v2.json
docs/admin/implementation/batch11-issue-607-evidence/reviews/review-spec/raw-controls-v2.log
docs/admin/implementation/batch11-issue-607-evidence/reviews/review-spec/raw-controls.log
docs/admin/implementation/batch11-issue-607-evidence/reviews/review-spec/replay-preflight.json
docs/admin/implementation/batch11-issue-607-evidence/reviews/review-spec/replay_driver.py
docs/admin/implementation/batch11-issue-607-evidence/reviews/review-spec/replay_driver_v2.py
docs/admin/implementation/batch11-issue-607-evidence/reviews/review-spec/reviewer-driver-syntax.json
docs/admin/implementation/batch11-issue-607-evidence/reviews/review-spec/scope-controls.json
docs/admin/implementation/batch11-issue-607-evidence/reviews/review-spec/unit-detector-source.json
docs/admin/implementation/batch11-issue-607-evidence/reviews/review-spec/unit-detectors/jest.config.cjs
docs/admin/implementation/batch11-issue-607-evidence/reviews/review-spec/unit-detectors/noop.test.tsx
docs/admin/implementation/batch11-issue-607-evidence/reviews/review-spec/unit-detectors/same-url-write.test.tsx
docs/admin/implementation/batch11-issue-607-evidence/reviews/review-spec/unit-detectors/valid.test.tsx
docs/admin/implementation/batch11-issue-607-evidence/reviews/review-spec/unit_detector_driver.py
docs/admin/implementation/batch11-issue-607-evidence/reviews/review-spec/unit_detector_driver_v2.py
docs/admin/implementation/batch11-issue-607-evidence/reviews/review-standards/guard-controls-execution.json
docs/admin/implementation/batch11-issue-607-evidence/reviews/review-standards/guard-controls-frozen-execution.json
docs/admin/implementation/batch11-issue-607-evidence/reviews/review-standards/guard-controls-frozen.json
docs/admin/implementation/batch11-issue-607-evidence/reviews/review-standards/guard-controls-frozen.log
docs/admin/implementation/batch11-issue-607-evidence/reviews/review-standards/guard-controls-integrity-freeze-execution.json
docs/admin/implementation/batch11-issue-607-evidence/reviews/review-standards/guard-controls-integrity-freeze.json
docs/admin/implementation/batch11-issue-607-evidence/reviews/review-standards/guard-controls-integrity-freeze.log
docs/admin/implementation/batch11-issue-607-evidence/reviews/review-standards/guard-controls.json
docs/admin/implementation/batch11-issue-607-evidence/reviews/review-standards/guard-controls.log
docs/admin/implementation/batch11-issue-607-evidence/reviews/review-standards/guard_controls.py
docs/admin/implementation/batch11-issue-607-evidence/reviews/review-standards/standards-interim-982a961.md
docs/admin/implementation/batch11-issue-607-evidence/reviews/review-standards/standards-provisional.md
docs/admin/implementation/batch11-issue-607-evidence/tools/replay.py
docs/admin/implementation/batch11-issue-607-evidence/tools/test_verify_packet.py
docs/admin/implementation/batch11-issue-607-evidence/tools/verify_packet.py
frontend/__tests__/countiesUrlStateSsr.test.tsx
frontend/app/counties/CountiesPageClient.tsx
frontend/e2e/county-pagination-boundaries.spec.ts
frontend/e2e/county-pagination-contract.spec.ts
